authority,authority_type,authority_type_zh,authority_type_en,matched_keyword,occurrence_count
中国科学技术协会,public_science_culture,宣传文化与公众科学,Public science and culture,科学技术协会,249
教育部,education_talent,教育与人才培养,Education and talent,教育,227
科学技术部,science_technology,科技创新与科研管理,Science and technology,科学技术,184
河南省教育厅,education_talent,教育与人才培养,Education and talent,教育,142
重庆市科学技术局(原重庆市科学技术委员会),science_technology,科技创新与科研管理,Science and technology,科学技术,117
福建省教育厅,education_talent,教育与人才培养,Education and talent,教育,97
陕西省教育厅,education_talent,教育与人才培养,Education and talent,教育,96
上海市教育委员会,education_talent,教育与人才培养,Education and talent,教育,85
财政部,macro_finance,宏观规划与财政资源配置,Macro planning and finance,财政,85
浙江省教育厅,education_talent,教育与人才培养,Education and talent,教育,84
安徽省教育厅,education_talent,教育与人才培养,Education and talent,教育,78
陕西省科学技术厅,science_technology,科技创新与科研管理,Science and technology,科学技术,76
湖南省教育厅,education_talent,教育与人才培养,Education and talent,教育,69
国家发展和改革委员会(含原国家发展计划委员会、原国家计划委员会),macro_finance,宏观规划与财政资源配置,Macro planning and finance,发展和改革,65
北京市教育委员会,education_talent,教育与人才培养,Education and talent,教育,64
广西壮族自治区人民政府,sectoral_public_services,行业应用与公共服务,Sectoral public services,民政,63
国务院,party_government_general,党政综合与战略协调,Party-government general,国务院,63
工业和信息化部,digital_industry_data,工业信息化与数据治理,"Digital, industry and data",工业和信息化,62
黑龙江省科学技术厅,science_technology,科技创新与科研管理,Science and technology,科学技术,60
上海市人民政府,sectoral_public_services,行业应用与公共服务,Sectoral public services,民政,57
山西省人民政府,sectoral_public_services,行业应用与公共服务,Sectoral public services,民政,57
河南省人民政府,sectoral_public_services,行业应用与公共服务,Sectoral public services,民政,57
江苏省人民政府,sectoral_public_services,行业应用与公共服务,Sectoral public services,民政,55
江苏省教育厅,education_talent,教育与人才培养,Education and talent,教育,54
广东省人民政府,sectoral_public_services,行业应用与公共服务,Sectoral public services,民政,54
上海市科学技术委员会,science_technology,科技创新与科研管理,Science and technology,科学技术,53
湖北省科学技术厅,science_technology,科技创新与科研管理,Science and technology,科学技术,51
南京市人民政府,sectoral_public_services,行业应用与公共服务,Sectoral public services,民政,50
北京市人民政府,sectoral_public_services,行业应用与公共服务,Sectoral public services,民政,49
重庆市人民政府,sectoral_public_services,行业应用与公共服务,Sectoral public services,民政,48
浙江省科学技术厅,science_technology,科技创新与科研管理,Science and technology,科学技术,48
人力资源和社会保障部,education_talent,教育与人才培养,Education and talent,人力资源,48
山东省人民政府,sectoral_public_services,行业应用与公共服务,Sectoral public services,民政,47
江西省教育厅,education_talent,教育与人才培养,Education and talent,教育,47
湖南省人民政府,sectoral_public_services,行业应用与公共服务,Sectoral public services,民政,47
云南省人民政府,sectoral_public_services,行业应用与公共服务,Sectoral public services,民政,46
山东省教育厅,education_talent,教育与人才培养,Education and talent,教育,45
陕西省人民政府,sectoral_public_services,行业应用与公共服务,Sectoral public services,民政,44
江西省人民政府,sectoral_public_services,行业应用与公共服务,Sectoral public services,民政,44
四川省科学技术厅,science_technology,科技创新与科研管理,Science and technology,科学技术,42
福建省人民政府,sectoral_public_services,行业应用与公共服务,Sectoral public services,民政,42
辽宁省教育厅,education_talent,教育与人才培养,Education and talent,教育,41
国务院办公厅,party_government_general,党政综合与战略协调,Party-government general,国务院,41
海南省教育厅,education_talent,教育与人才培养,Education and talent,教育,40
安徽省科学技术厅,science_technology,科技创新与科研管理,Science and technology,科学技术,39
吉林省人民政府,sectoral_public_services,行业应用与公共服务,Sectoral public services,民政,39
广西壮族自治区教育厅,education_talent,教育与人才培养,Education and talent,教育,39
云南省科学技术厅,science_technology,科技创新与科研管理,Science and technology,科学技术,38
山西省教育厅,education_talent,教育与人才培养,Education and talent,教育,38
湖北省人民政府,sectoral_public_services,行业应用与公共服务,Sectoral public services,民政,38
广州市教育局,education_talent,教育与人才培养,Education and talent,教育,38
天津市人民政府,sectoral_public_services,行业应用与公共服务,Sectoral public services,民政,37
贵州省人民政府,sectoral_public_services,行业应用与公共服务,Sectoral public services,民政,36
广西壮族自治区科学技术厅,science_technology,科技创新与科研管理,Science and technology,科学技术,36
深圳市人民政府,sectoral_public_services,行业应用与公共服务,Sectoral public services,民政,35
海南省人民政府,sectoral_public_services,行业应用与公共服务,Sectoral public services,民政,34
天津市教育委员会,education_talent,教育与人才培养,Education and talent,教育,33
西安市人民政府,sectoral_public_services,行业应用与公共服务,Sectoral public services,民政,33
甘肃省教育厅,education_talent,教育与人才培养,Education and talent,教育,33
安徽省人民政府,sectoral_public_services,行业应用与公共服务,Sectoral public services,民政,33
湖北省教育厅,education_talent,教育与人才培养,Education and talent,教育,32
广州市人民政府,sectoral_public_services,行业应用与公共服务,Sectoral public services,民政,32
辽宁省人民政府,sectoral_public_services,行业应用与公共服务,Sectoral public services,民政,31
河南省科学技术厅,science_technology,科技创新与科研管理,Science and technology,科学技术,31
四川省人民政府,sectoral_public_services,行业应用与公共服务,Sectoral public services,民政,30
重庆市教育委员会,education_talent,教育与人才培养,Education and talent,教育,30
四川省教育厅,education_talent,教育与人才培养,Education and talent,教育,30
河北省人民政府,sectoral_public_services,行业应用与公共服务,Sectoral public services,民政,30
湖南省科学技术厅,science_technology,科技创新与科研管理,Science and technology,科学技术,29
贵州省教育厅,education_talent,教育与人才培养,Education and talent,教育,29
国家卫生健康委员会,sectoral_public_services,行业应用与公共服务,Sectoral public services,卫生健康,29
济南市人民政府,sectoral_public_services,行业应用与公共服务,Sectoral public services,民政,28
中共中央宣传部,public_science_culture,宣传文化与公众科学,Public science and culture,宣传,28
农业部(已撤销),sectoral_public_services,行业应用与公共服务,Sectoral public services,农业,28
中国科学院,science_technology,科技创新与科研管理,Science and technology,科学院,28
浙江省人民政府,sectoral_public_services,行业应用与公共服务,Sectoral public services,民政,27
青岛市科学技术局,science_technology,科技创新与科研管理,Science and technology,科学技术,27
苏州市人民政府,sectoral_public_services,行业应用与公共服务,Sectoral public services,民政,27
交通运输部,sectoral_public_services,行业应用与公共服务,Sectoral public services,交通,27
甘肃省人民政府,sectoral_public_services,行业应用与公共服务,Sectoral public services,民政,26
内蒙古自治区人民政府,sectoral_public_services,行业应用与公共服务,Sectoral public services,民政,26
新乡市人民政府,sectoral_public_services,行业应用与公共服务,Sectoral public services,民政,26
自然资源部,sectoral_public_services,行业应用与公共服务,Sectoral public services,自然资源,26
上海市经济和信息化委员会,digital_industry_data,工业信息化与数据治理,"Digital, industry and data",经济和信息化,25
青海省人民政府,sectoral_public_services,行业应用与公共服务,Sectoral public services,民政,25
宁夏回族自治区人民政府,sectoral_public_services,行业应用与公共服务,Sectoral public services,民政,25
商务部,sectoral_public_services,行业应用与公共服务,Sectoral public services,商务,25
宁波市科学技术局,science_technology,科技创新与科研管理,Science and technology,科学技术,24
江苏省科学技术厅,science_technology,科技创新与科研管理,Science and technology,科学技术,24
山东省科学技术厅,science_technology,科技创新与科研管理,Science and technology,科学技术,24
宁夏回族自治区科学技术厅,science_technology,科技创新与科研管理,Science and technology,科学技术,24
郑州市科学技术局,science_technology,科技创新与科研管理,Science and technology,科学技术,24
中国气象局,sectoral_public_services,行业应用与公共服务,Sectoral public services,气象,24
国家中医药管理局,sectoral_public_services,行业应用与公共服务,Sectoral public services,中医药,24
杭州市人民政府,sectoral_public_services,行业应用与公共服务,Sectoral public services,民政,23
青岛市人民政府,sectoral_public_services,行业应用与公共服务,Sectoral public services,民政,23
济南市科学技术局,science_technology,科技创新与科研管理,Science and technology,科学技术,23
无锡市人民政府,sectoral_public_services,行业应用与公共服务,Sectoral public services,民政,23
苏州市教育局,education_talent,教育与人才培养,Education and talent,教育,23
吉林省科学技术厅,science_technology,科技创新与科研管理,Science and technology,科学技术,23
黑龙江省人民政府,sectoral_public_services,行业应用与公共服务,Sectoral public services,民政,23
河北省科学技术厅,science_technology,科技创新与科研管理,Science and technology,科学技术,23
江苏省人力资源和社会保障厅,education_talent,教育与人才培养,Education and talent,人力资源,22
苏州市科学技术局,science_technology,科技创新与科研管理,Science and technology,科学技术,22
襄阳市人民政府(原襄樊市政府),sectoral_public_services,行业应用与公共服务,Sectoral public services,民政,22
海南省科学技术厅,science_technology,科技创新与科研管理,Science and technology,科学技术,22
北京市科学技术委员会,science_technology,科技创新与科研管理,Science and technology,科学技术,22
西安市教育局,education_talent,教育与人才培养,Education and talent,教育,21
邯郸市人民政府,sectoral_public_services,行业应用与公共服务,Sectoral public services,民政,21
珠海市人民政府,sectoral_public_services,行业应用与公共服务,Sectoral public services,民政,21
成都市教育局,education_talent,教育与人才培养,Education and talent,教育,20
成都市科学技术局,science_technology,科技创新与科研管理,Science and technology,科学技术,20
辽宁省科学技术厅,science_technology,科技创新与科研管理,Science and technology,科学技术,20
河北省教育厅,education_talent,教育与人才培养,Education and talent,教育,20
广东省教育厅,education_talent,教育与人才培养,Education and talent,教育,20
忻州市人民政府,sectoral_public_services,行业应用与公共服务,Sectoral public services,民政,19
沈阳市人民政府,sectoral_public_services,行业应用与公共服务,Sectoral public services,民政,19
河南省发展和改革委员会,macro_finance,宏观规划与财政资源配置,Macro planning and finance,发展和改革,19
安阳市人民政府,sectoral_public_services,行业应用与公共服务,Sectoral public services,民政,19
甘肃省科学技术厅,science_technology,科技创新与科研管理,Science and technology,科学技术,19
福建省科学技术厅,science_technology,科技创新与科研管理,Science and technology,科学技术,19
泉州市教育局,education_talent,教育与人才培养,Education and talent,教育,19
天津市人力资源和社会保障局,education_talent,教育与人才培养,Education and talent,人力资源,18
青海省科学技术厅,science_technology,科技创新与科研管理,Science and technology,科学技术,18
吉林市教育局,education_talent,教育与人才培养,Education and talent,教育,18
郑州市人民政府,sectoral_public_services,行业应用与公共服务,Sectoral public services,民政,18
石家庄市人民政府,sectoral_public_services,行业应用与公共服务,Sectoral public services,民政,18
江门市人民政府,sectoral_public_services,行业应用与公共服务,Sectoral public services,民政,18
福州市人民政府,sectoral_public_services,行业应用与公共服务,Sectoral public services,民政,18
厦门市人民政府,sectoral_public_services,行业应用与公共服务,Sectoral public services,民政,18
马鞍山市人民政府,sectoral_public_services,行业应用与公共服务,Sectoral public services,民政,18
宁波市教育局,education_talent,教育与人才培养,Education and talent,教育,17
浙江省财政厅,macro_finance,宏观规划与财政资源配置,Macro planning and finance,财政,17
新疆维吾尔自治区人民政府,sectoral_public_services,行业应用与公共服务,Sectoral public services,民政,17
内蒙古自治区教育厅,education_talent,教育与人才培养,Education and talent,教育,17
沈阳市科学技术局,science_technology,科技创新与科研管理,Science and technology,科学技术,17
洛阳市人民政府,sectoral_public_services,行业应用与公共服务,Sectoral public services,民政,17
广东省科学技术厅,science_technology,科技创新与科研管理,Science and technology,科学技术,17
厦门市科学技术局,science_technology,科技创新与科研管理,Science and technology,科学技术,17
福州市教育局,education_talent,教育与人才培养,Education and talent,教育,17
合肥市人民政府,sectoral_public_services,行业应用与公共服务,Sectoral public services,民政,17
滁州市人民政府,sectoral_public_services,行业应用与公共服务,Sectoral public services,民政,17
重庆市经济和信息化委员会,digital_industry_data,工业信息化与数据治理,"Digital, industry and data",经济和信息化,16
普洱市人民政府,sectoral_public_services,行业应用与公共服务,Sectoral public services,民政,16
天津市科学技术局,science_technology,科技创新与科研管理,Science and technology,科学技术,16
山西省科学技术厅,science_technology,科技创新与科研管理,Science and technology,科学技术,16
东营市人民政府,sectoral_public_services,行业应用与公共服务,Sectoral public services,民政,16
南昌市教育局,education_talent,教育与人才培养,Education and talent,教育,16
南通市人民政府,sectoral_public_services,行业应用与公共服务,Sectoral public services,民政,16
深圳市科技创新委员会,science_technology,科技创新与科研管理,Science and technology,科技,16
中共北京市委员会,party_government_general,党政综合与战略协调,Party-government general,中共,16
公安部,law_regulation_security,法规司法与监管安全,"Law, regulation and security",公安,16
农业农村部,sectoral_public_services,行业应用与公共服务,Sectoral public services,农业,16
国土资源部(已撤销),sectoral_public_services,行业应用与公共服务,Sectoral public services,国土资源,16
浙江省发展和改革委员会,macro_finance,宏观规划与财政资源配置,Macro planning and finance,发展和改革,15
新疆维吾尔自治区科学技术厅,science_technology,科技创新与科研管理,Science and technology,科学技术,15
西安市科学技术局,science_technology,科技创新与科研管理,Science and technology,科学技术,15
山西省人力资源和社会保障厅,education_talent,教育与人才培养,Education and talent,人力资源,15
淄博市人民政府,sectoral_public_services,行业应用与公共服务,Sectoral public services,民政,15
江西省科学技术厅,science_technology,科技创新与科研管理,Science and technology,科学技术,15
赣州市人民政府,sectoral_public_services,行业应用与公共服务,Sectoral public services,民政,15
吉林省教育厅,education_talent,教育与人才培养,Education and talent,教育,15
武汉市人民政府,sectoral_public_services,行业应用与公共服务,Sectoral public services,民政,15
黑龙江省教育厅,education_talent,教育与人才培养,Education and talent,教育,15
河南省财政厅,macro_finance,宏观规划与财政资源配置,Macro planning and finance,财政,15
贵阳市人民政府,sectoral_public_services,行业应用与公共服务,Sectoral public services,民政,15
南宁市人民政府,sectoral_public_services,行业应用与公共服务,Sectoral public services,民政,15
合肥市教育局,education_talent,教育与人才培养,Education and talent,教育,15
国家市场监督管理总局,law_regulation_security,法规司法与监管安全,"Law, regulation and security",市场监督,15
国家自然科学基金委员会,science_technology,科技创新与科研管理,Science and technology,自然科学基金,15
昆明市人民政府,sectoral_public_services,行业应用与公共服务,Sectoral public services,民政,14
楚雄彝族自治州人民政府,sectoral_public_services,行业应用与公共服务,Sectoral public services,民政,14
新疆生产建设兵团,party_government_general,党政综合与战略协调,Party-government general,生产建设兵团,14
广安市人民政府,sectoral_public_services,行业应用与公共服务,Sectoral public services,民政,14
上海市青浦区人民政府,sectoral_public_services,行业应用与公共服务,Sectoral public services,民政,14
陕西省人力资源和社会保障厅,education_talent,教育与人才培养,Education and talent,人力资源,14
陕西省发展和改革委员会,macro_finance,宏观规划与财政资源配置,Macro planning and finance,发展和改革,14
陕西省财政厅,macro_finance,宏观规划与财政资源配置,Macro planning and finance,财政,14
太原市人民政府,sectoral_public_services,行业应用与公共服务,Sectoral public services,民政,14
江苏省工业和信息化厅,digital_industry_data,工业信息化与数据治理,"Digital, industry and data",工业和信息化,14
江苏省财政厅,macro_finance,宏观规划与财政资源配置,Macro planning and finance,财政,14
中共湖南省委,party_government_general,党政综合与战略协调,Party-government general,中共,14
石家庄市科学技术局,science_technology,科技创新与科研管理,Science and technology,科学技术,14
贵州省科学技术厅,science_technology,科技创新与科研管理,Science and technology,科学技术,14
梅州市人民政府,sectoral_public_services,行业应用与公共服务,Sectoral public services,民政,14
北京市经济和信息化局,digital_industry_data,工业信息化与数据治理,"Digital, industry and data",经济和信息化,14
中共中央办公厅,party_government_general,党政综合与战略协调,Party-government general,中共,14
文化和旅游部,public_science_culture,宣传文化与公众科学,Public science and culture,文化,14
重庆市发展和改革委员会,macro_finance,宏观规划与财政资源配置,Macro planning and finance,发展和改革,13
浙江省经济和信息化厅,digital_industry_data,工业信息化与数据治理,"Digital, industry and data",经济和信息化,13
西藏自治区人民政府,sectoral_public_services,行业应用与公共服务,Sectoral public services,民政,13
内江市人民政府,sectoral_public_services,行业应用与公共服务,Sectoral public services,民政,13
上海市人力资源和社会保障局,education_talent,教育与人才培养,Education and talent,人力资源,13
上海市发展和改革委员会,macro_finance,宏观规划与财政资源配置,Macro planning and finance,发展和改革,13
内蒙古自治区科学技术厅,science_technology,科技创新与科研管理,Science and technology,科学技术,13
大连市人民政府,sectoral_public_services,行业应用与公共服务,Sectoral public services,民政,13
葫芦岛市人民政府,sectoral_public_services,行业应用与公共服务,Sectoral public services,民政,13
南昌市科技局,science_technology,科技创新与科研管理,Science and technology,科技,13
镇江市人民政府,sectoral_public_services,行业应用与公共服务,Sectoral public services,民政,13
湖南省财政厅,macro_finance,宏观规划与财政资源配置,Macro planning and finance,财政,13
宜昌市人民政府,sectoral_public_services,行业应用与公共服务,Sectoral public services,民政,13
十堰市人民政府,sectoral_public_services,行业应用与公共服务,Sectoral public services,民政,13
中共河南省委,party_government_general,党政综合与战略协调,Party-government general,中共,13
河南省人力资源和社会保障厅,education_talent,教育与人才培养,Education and talent,人力资源,13
沧州市人民政府,sectoral_public_services,行业应用与公共服务,Sectoral public services,民政,13
遵义市人民政府,sectoral_public_services,行业应用与公共服务,Sectoral public services,民政,13
桂林市人民政府,sectoral_public_services,行业应用与公共服务,Sectoral public services,民政,13
兰州市人民政府,sectoral_public_services,行业应用与公共服务,Sectoral public services,民政,13
北京市财政局,macro_finance,宏观规划与财政资源配置,Macro planning and finance,财政,13
中国共产党中央委员会,party_government_general,党政综合与战略协调,Party-government general,中国共产党,13
国务院国有资产监督管理委员会,macro_finance,宏观规划与财政资源配置,Macro planning and finance,国有资产,13
重庆市财政局,macro_finance,宏观规划与财政资源配置,Macro planning and finance,财政,12
衢州市人民政府,sectoral_public_services,行业应用与公共服务,Sectoral public services,民政,12
四川省人力资源和社会保障厅,education_talent,教育与人才培养,Education and talent,人力资源,12
四川省财政厅,macro_finance,宏观规划与财政资源配置,Macro planning and finance,财政,12
成都市人民政府,sectoral_public_services,行业应用与公共服务,Sectoral public services,民政,12
咸阳市人民政府,sectoral_public_services,行业应用与公共服务,Sectoral public services,民政,12
宝鸡市人民政府,sectoral_public_services,行业应用与公共服务,Sectoral public services,民政,12
陕西省科学技术协会,public_science_culture,宣传文化与公众科学,Public science and culture,科学技术协会,12
山西省科学技术协会,public_science_culture,宣传文化与公众科学,Public science and culture,科学技术协会,12
山东省财政厅,macro_finance,宏观规划与财政资源配置,Macro planning and finance,财政,12
银川市人民政府,sectoral_public_services,行业应用与公共服务,Sectoral public services,民政,12
鹰潭市人民政府,sectoral_public_services,行业应用与公共服务,Sectoral public services,民政,12
徐州市人民政府,sectoral_public_services,行业应用与公共服务,Sectoral public services,民政,12
哈尔滨市人民政府,sectoral_public_services,行业应用与公共服务,Sectoral public services,民政,12
廊坊市人民政府,sectoral_public_services,行业应用与公共服务,Sectoral public services,民政,12
佛山市人民政府,sectoral_public_services,行业应用与公共服务,Sectoral public services,民政,12
泉州市人民政府,sectoral_public_services,行业应用与公共服务,Sectoral public services,民政,12
福建省发展和改革委员会,macro_finance,宏观规划与财政资源配置,Macro planning and finance,发展和改革,12
芜湖市人民政府,sectoral_public_services,行业应用与公共服务,Sectoral public services,民政,12
中央网络安全和信息化委员会办公室,digital_industry_data,工业信息化与数据治理,"Digital, industry and data",信息化,12
国家体育总局,sectoral_public_services,行业应用与公共服务,Sectoral public services,体育,12
重庆市科学技术协会,public_science_culture,宣传文化与公众科学,Public science and culture,科学技术协会,11
宁波市人民政府,sectoral_public_services,行业应用与公共服务,Sectoral public services,民政,11
西藏自治区科学技术厅,science_technology,科技创新与科研管理,Science and technology,科学技术,11
晋城市人民政府,sectoral_public_services,行业应用与公共服务,Sectoral public services,民政,11
山东省发展和改革委员会,macro_finance,宏观规划与财政资源配置,Macro planning and finance,发展和改革,11
滨州市人民政府,sectoral_public_services,行业应用与公共服务,Sectoral public services,民政,11
菏泽市人民政府,sectoral_public_services,行业应用与公共服务,Sectoral public services,民政,11
鄂尔多斯市人民政府,sectoral_public_services,行业应用与公共服务,Sectoral public services,民政,11
大连市教育局,education_talent,教育与人才培养,Education and talent,教育,11
抚顺市人民政府,sectoral_public_services,行业应用与公共服务,Sectoral public services,民政,11
本溪市人民政府,sectoral_public_services,行业应用与公共服务,Sectoral public services,民政,11
萍乡市人民政府,sectoral_public_services,行业应用与公共服务,Sectoral public services,民政,11
常州市人民政府,sectoral_public_services,行业应用与公共服务,Sectoral public services,民政,11
江苏省发展和改革委员会,macro_finance,宏观规划与财政资源配置,Macro planning and finance,发展和改革,11
许昌市人民政府,sectoral_public_services,行业应用与公共服务,Sectoral public services,民政,11
衡水市人民政府,sectoral_public_services,行业应用与公共服务,Sectoral public services,民政,11
广州市科学技术局,science_technology,科技创新与科研管理,Science and technology,科学技术,11
汕头市人民政府,sectoral_public_services,行业应用与公共服务,Sectoral public services,民政,11
金昌市人民政府,sectoral_public_services,行业应用与公共服务,Sectoral public services,民政,11
嘉峪关市人民政府,sectoral_public_services,行业应用与公共服务,Sectoral public services,民政,11
天水市人民政府,sectoral_public_services,行业应用与公共服务,Sectoral public services,民政,11
平凉市人民政府,sectoral_public_services,行业应用与公共服务,Sectoral public services,民政,11
南平市人民政府,sectoral_public_services,行业应用与公共服务,Sectoral public services,民政,11
福建省财政厅,macro_finance,宏观规划与财政资源配置,Macro planning and finance,财政,11
中国人民银行,macro_finance,宏观规划与财政资源配置,Macro planning and finance,人民银行,11
民政部,sectoral_public_services,行业应用与公共服务,Sectoral public services,民政,11
国家食品药品监督管理总局(已撤销),sectoral_public_services,行业应用与公共服务,Sectoral public services,药品,11
国家数据局,digital_industry_data,工业信息化与数据治理,"Digital, industry and data",数据,11
国家能源局,sectoral_public_services,行业应用与公共服务,Sectoral public services,能源,11
水利部,sectoral_public_services,行业应用与公共服务,Sectoral public services,水利,11
国家文物局,public_science_culture,宣传文化与公众科学,Public science and culture,文物,11
怒江傈僳族自治州人民政府,sectoral_public_services,行业应用与公共服务,Sectoral public services,民政,10
曲靖市人民政府,sectoral_public_services,行业应用与公共服务,Sectoral public services,民政,10
红河哈尼族彝族自治州人民政府,sectoral_public_services,行业应用与公共服务,Sectoral public services,民政,10
达州市人民政府,sectoral_public_services,行业应用与公共服务,Sectoral public services,民政,10
山西省发展和改革委员会,macro_finance,宏观规划与财政资源配置,Macro planning and finance,发展和改革,10
淄博市科学技术局,science_technology,科技创新与科研管理,Science and technology,科学技术,10
山东省经济和信息化委员会,digital_industry_data,工业信息化与数据治理,"Digital, industry and data",经济和信息化,10
大连市科学技术局,science_technology,科技创新与科研管理,Science and technology,科学技术,10
朝阳市人民政府,sectoral_public_services,行业应用与公共服务,Sectoral public services,民政,10
常州市教育局,education_talent,教育与人才培养,Education and talent,教育,10
中共江苏省委员会,party_government_general,党政综合与战略协调,Party-government general,中共,10
扬州市人民政府,sectoral_public_services,行业应用与公共服务,Sectoral public services,民政,10
双鸭山市人民政府,sectoral_public_services,行业应用与公共服务,Sectoral public services,民政,10
鹤壁市人民政府,sectoral_public_services,行业应用与公共服务,Sectoral public services,民政,10
六盘水市人民政府,sectoral_public_services,行业应用与公共服务,Sectoral public services,民政,10
南宁市教育局,education_talent,教育与人才培养,Education and talent,教育,10
百色市人民政府,sectoral_public_services,行业应用与公共服务,Sectoral public services,民政,10
广州市工业和信息化局,digital_industry_data,工业信息化与数据治理,"Digital, industry and data",工业和信息化,10
深圳市发展和改革委员会,macro_finance,宏观规划与财政资源配置,Macro planning and finance,发展和改革,10
三明市教育局,education_talent,教育与人才培养,Education and talent,教育,10
宁德市人民政府,sectoral_public_services,行业应用与公共服务,Sectoral public services,民政,10
北京市人力资源和社会保障局,education_talent,教育与人才培养,Education and talent,人力资源,10
北京市科学技术协会,public_science_culture,宣传文化与公众科学,Public science and culture,科学技术协会,10
全民科学素质纲要实施工作办公室,public_science_culture,宣传文化与公众科学,Public science and culture,全民科学素质,10
国家卫生和计划生育委员会(已撤销),sectoral_public_services,行业应用与公共服务,Sectoral public services,卫生,10
国家质量监督检验检疫总局(已撤销),law_regulation_security,法规司法与监管安全,"Law, regulation and security",质量监督,10
重庆市卫生健康委员会,sectoral_public_services,行业应用与公共服务,Sectoral public services,卫生健康,9
绍兴市人民政府,sectoral_public_services,行业应用与公共服务,Sectoral public services,民政,9
嘉兴市人民政府,sectoral_public_services,行业应用与公共服务,Sectoral public services,民政,9
湖州市人民政府,sectoral_public_services,行业应用与公共服务,Sectoral public services,民政,9
新疆维吾尔自治区教育厅,education_talent,教育与人才培养,Education and talent,教育,9
北京市发展和改革委员会,macro_finance,宏观规划与财政资源配置,Macro planning and finance,发展和改革,9
宜宾市人民政府,sectoral_public_services,行业应用与公共服务,Sectoral public services,民政,9
德阳市人民政府,sectoral_public_services,行业应用与公共服务,Sectoral public services,民政,9
上海市人大(含常委会),law_regulation_security,法规司法与监管安全,"Law, regulation and security",人大,9
山西省财政厅,macro_finance,宏观规划与财政资源配置,Macro planning and finance,财政,9
运城市人民政府,sectoral_public_services,行业应用与公共服务,Sectoral public services,民政,9
山东省人力资源和社会保障厅,education_talent,教育与人才培养,Education and talent,人力资源,9
德州市人民政府,sectoral_public_services,行业应用与公共服务,Sectoral public services,民政,9
济南市教育局,education_talent,教育与人才培养,Education and talent,教育,9
青岛市教育局,education_talent,教育与人才培养,Education and talent,教育,9
宁夏回族自治区教育厅,education_talent,教育与人才培养,Education and talent,教育,9
盘锦市人民政府,sectoral_public_services,行业应用与公共服务,Sectoral public services,民政,9
辽阳市人民政府,sectoral_public_services,行业应用与公共服务,Sectoral public services,民政,9
新余市人民政府,sectoral_public_services,行业应用与公共服务,Sectoral public services,民政,9
南京市科学技术局,science_technology,科技创新与科研管理,Science and technology,科学技术,9
泰州市人民政府,sectoral_public_services,行业应用与公共服务,Sectoral public services,民政,9
淮安市人民政府,sectoral_public_services,行业应用与公共服务,Sectoral public services,民政,9
长春市人民政府,sectoral_public_services,行业应用与公共服务,Sectoral public services,民政,9
四平市人民政府,sectoral_public_services,行业应用与公共服务,Sectoral public services,民政,9
长沙市人民政府,sectoral_public_services,行业应用与公共服务,Sectoral public services,民政,9
武汉市教育局,education_talent,教育与人才培养,Education and talent,教育,9
武汉市科学技术局,science_technology,科技创新与科研管理,Science and technology,科学技术,9
湖北省财政厅,macro_finance,宏观规划与财政资源配置,Macro planning and finance,财政,9
伊春市人民政府,sectoral_public_services,行业应用与公共服务,Sectoral public services,民政,9
南阳市人民政府,sectoral_public_services,行业应用与公共服务,Sectoral public services,民政,9
濮阳市人民政府,sectoral_public_services,行业应用与公共服务,Sectoral public services,民政,9
焦作市人民政府,sectoral_public_services,行业应用与公共服务,Sectoral public services,民政,9
河北省科学技术协会,public_science_culture,宣传文化与公众科学,Public science and culture,科学技术协会,9
广西壮族自治区财政厅,macro_finance,宏观规划与财政资源配置,Macro planning and finance,财政,9
广东省财政厅,macro_finance,宏观规划与财政资源配置,Macro planning and finance,财政,9
白银市人民政府,sectoral_public_services,行业应用与公共服务,Sectoral public services,民政,9
三明市人民政府,sectoral_public_services,行业应用与公共服务,Sectoral public services,民政,9
厦门市人力资源和社会保障局,education_talent,教育与人才培养,Education and talent,人力资源,9
宁德市教育局,education_talent,教育与人才培养,Education and talent,教育,9
亳州市人民政府,sectoral_public_services,行业应用与公共服务,Sectoral public services,民政,9
安徽省财政厅,macro_finance,宏观规划与财政资源配置,Macro planning and finance,财政,9
全国人民代表大会,law_regulation_security,法规司法与监管安全,"Law, regulation and security",人民代表大会,9
中国地震局(原国家地震局),sectoral_public_services,行业应用与公共服务,Sectoral public services,地震,9
全民科学素质工作领导小组,public_science_culture,宣传文化与公众科学,Public science and culture,全民科学素质,9
中共杭州市委,party_government_general,党政综合与战略协调,Party-government general,中共,8
杭州市教育局,education_talent,教育与人才培养,Education and talent,教育,8
浙江省人大(含常委会),law_regulation_security,法规司法与监管安全,"Law, regulation and security",人大,8
金华市人民政府,sectoral_public_services,行业应用与公共服务,Sectoral public services,民政,8
四川省发展和改革委员会,macro_finance,宏观规划与财政资源配置,Macro planning and finance,发展和改革,8
眉山市人民政府,sectoral_public_services,行业应用与公共服务,Sectoral public services,民政,8
上海市嘉定区人民政府,sectoral_public_services,行业应用与公共服务,Sectoral public services,民政,8
吕梁市人民政府,sectoral_public_services,行业应用与公共服务,Sectoral public services,民政,8
东营市科学技术局,science_technology,科技创新与科研管理,Science and technology,科学技术,8
淄博市教育局,education_talent,教育与人才培养,Education and talent,教育,8
烟台市人民政府,sectoral_public_services,行业应用与公共服务,Sectoral public services,民政,8
聊城市人民政府,sectoral_public_services,行业应用与公共服务,Sectoral public services,民政,8
包头市人民政府,sectoral_public_services,行业应用与公共服务,Sectoral public services,民政,8
营口市人民政府,sectoral_public_services,行业应用与公共服务,Sectoral public services,民政,8
九江市人民政府,sectoral_public_services,行业应用与公共服务,Sectoral public services,民政,8
南昌市人民政府,sectoral_public_services,行业应用与公共服务,Sectoral public services,民政,8
江西省发展和改革委员会,macro_finance,宏观规划与财政资源配置,Macro planning and finance,发展和改革,8
宿迁市人民政府,sectoral_public_services,行业应用与公共服务,Sectoral public services,民政,8
江阴市人民政府,sectoral_public_services,行业应用与公共服务,Sectoral public services,民政,8
吉林省财政厅,macro_finance,宏观规划与财政资源配置,Macro planning and finance,财政,8
辽源市人民政府,sectoral_public_services,行业应用与公共服务,Sectoral public services,民政,8
湖南省工业和信息化厅,digital_industry_data,工业信息化与数据治理,"Digital, industry and data",工业和信息化,8
郴州市人民政府,sectoral_public_services,行业应用与公共服务,Sectoral public services,民政,8
邵阳市人民政府,sectoral_public_services,行业应用与公共服务,Sectoral public services,民政,8
湖北省人力资源和社会保障厅,education_talent,教育与人才培养,Education and talent,人力资源,8
黑龙江省财政厅,macro_finance,宏观规划与财政资源配置,Macro planning and finance,财政,8
三门峡市人民政府,sectoral_public_services,行业应用与公共服务,Sectoral public services,民政,8
信阳市人民政府,sectoral_public_services,行业应用与公共服务,Sectoral public services,民政,8
河南省工业和信息化厅,digital_industry_data,工业信息化与数据治理,"Digital, industry and data",工业和信息化,8
安顺市人民政府,sectoral_public_services,行业应用与公共服务,Sectoral public services,民政,8
北海市人民政府,sectoral_public_services,行业应用与公共服务,Sectoral public services,民政,8
崇左市人民政府,sectoral_public_services,行业应用与公共服务,Sectoral public services,民政,8
梧州市人民政府,sectoral_public_services,行业应用与公共服务,Sectoral public services,民政,8
玉林市人民政府,sectoral_public_services,行业应用与公共服务,Sectoral public services,民政,8
阳江市人民政府,sectoral_public_services,行业应用与公共服务,Sectoral public services,民政,8
福建省人力资源和社会保障厅,education_talent,教育与人才培养,Education and talent,人力资源,8
福建省工业和信息化厅,digital_industry_data,工业信息化与数据治理,"Digital, industry and data",工业和信息化,8
龙岩市人民政府,sectoral_public_services,行业应用与公共服务,Sectoral public services,民政,8
宣城市人民政府,sectoral_public_services,行业应用与公共服务,Sectoral public services,民政,8
安徽省科学技术协会,public_science_culture,宣传文化与公众科学,Public science and culture,科学技术协会,8
全国人大常委会,law_regulation_security,法规司法与监管安全,"Law, regulation and security",人大,8
生态环境部,sectoral_public_services,行业应用与公共服务,Sectoral public services,生态环境,8
住房和城乡建设部,sectoral_public_services,行业应用与公共服务,Sectoral public services,住房,8
国家测绘地理信息局(原国家测绘局)(已撤销),sectoral_public_services,行业应用与公共服务,Sectoral public services,测绘,8
国家药品监督管理局(已变更),sectoral_public_services,行业应用与公共服务,Sectoral public services,药品,8
最高人民法院,law_regulation_security,法规司法与监管安全,"Law, regulation and security",法院,8
中共重庆市委,party_government_general,党政综合与战略协调,Party-government general,中共,7
重庆市人力资源和社会保障局,education_talent,教育与人才培养,Education and talent,人力资源,7
台州市人民政府,sectoral_public_services,行业应用与公共服务,Sectoral public services,民政,7
杭州市临安区人民政府,sectoral_public_services,行业应用与公共服务,Sectoral public services,民政,7
温州市教育局,education_talent,教育与人才培养,Education and talent,教育,7
温州市科学技术局,science_technology,科技创新与科研管理,Science and technology,科学技术,7
舟山市人民政府,sectoral_public_services,行业应用与公共服务,Sectoral public services,民政,7
云南省教育厅,education_talent,教育与人才培养,Education and talent,教育,7
云南省科学技术协会,public_science_culture,宣传文化与公众科学,Public science and culture,科学技术协会,7
云南省财政厅,macro_finance,宏观规划与财政资源配置,Macro planning and finance,财政,7
保山市人民政府,sectoral_public_services,行业应用与公共服务,Sectoral public services,民政,7
玉溪市人民政府,sectoral_public_services,行业应用与公共服务,Sectoral public services,民政,7
西双版纳傣族自治州人民政府,sectoral_public_services,行业应用与公共服务,Sectoral public services,民政,7
天津市财政局,macro_finance,宏观规划与财政资源配置,Macro planning and finance,财政,7
遂宁市人民政府,sectoral_public_services,行业应用与公共服务,Sectoral public services,民政,7
乐山市人民政府,sectoral_public_services,行业应用与公共服务,Sectoral public services,民政,7
绵阳市人民政府,sectoral_public_services,行业应用与公共服务,Sectoral public services,民政,7
上海市财政局,macro_finance,宏观规划与财政资源配置,Macro planning and finance,财政,7
临汾市人民政府,sectoral_public_services,行业应用与公共服务,Sectoral public services,民政,7
晋中市人民政府,sectoral_public_services,行业应用与公共服务,Sectoral public services,民政,7
长治市人民政府,sectoral_public_services,行业应用与公共服务,Sectoral public services,民政,7
阳泉市人民政府,sectoral_public_services,行业应用与公共服务,Sectoral public services,民政,7
临沂市人民政府,sectoral_public_services,行业应用与公共服务,Sectoral public services,民政,7
山东省大数据局,digital_industry_data,工业信息化与数据治理,"Digital, industry and data",大数据,7
泰安市人民政府,sectoral_public_services,行业应用与公共服务,Sectoral public services,民政,7
海东市人民政府,sectoral_public_services,行业应用与公共服务,Sectoral public services,民政,7
青海省发展和改革委员会,macro_finance,宏观规划与财政资源配置,Macro planning and finance,发展和改革,7
呼伦贝尔市人民政府,sectoral_public_services,行业应用与公共服务,Sectoral public services,民政,7
呼和浩特市人民政府,sectoral_public_services,行业应用与公共服务,Sectoral public services,民政,7
鞍山市人民政府,sectoral_public_services,行业应用与公共服务,Sectoral public services,民政,7
鞍山市教育局,education_talent,教育与人才培养,Education and talent,教育,7
锦州市人民政府,sectoral_public_services,行业应用与公共服务,Sectoral public services,民政,7
江苏省科学技术协会,public_science_culture,宣传文化与公众科学,Public science and culture,科学技术协会,7
无锡市科学技术局,science_technology,科技创新与科研管理,Science and technology,科学技术,7
江苏省人大(含常委会),law_regulation_security,法规司法与监管安全,"Law, regulation and security",人大,7
江苏省卫生健康委员会,sectoral_public_services,行业应用与公共服务,Sectoral public services,卫生健康,7
盐城市人民政府,sectoral_public_services,行业应用与公共服务,Sectoral public services,民政,7
吉林省人力资源和社会保障厅,education_talent,教育与人才培养,Education and talent,人力资源,7
吉林省科学技术协会,public_science_culture,宣传文化与公众科学,Public science and culture,科学技术协会,7
咸宁市人民政府,sectoral_public_services,行业应用与公共服务,Sectoral public services,民政,7
湖北省发展和改革委员会,macro_finance,宏观规划与财政资源配置,Macro planning and finance,发展和改革,7
牡丹江市人民政府,sectoral_public_services,行业应用与公共服务,Sectoral public services,民政,7
河南省科学技术协会,public_science_culture,宣传文化与公众科学,Public science and culture,科学技术协会,7
唐山市人民政府,sectoral_public_services,行业应用与公共服务,Sectoral public services,民政,7
邢台市人民政府,sectoral_public_services,行业应用与公共服务,Sectoral public services,民政,7
黔南布依族苗族自治州人民政府,sectoral_public_services,行业应用与公共服务,Sectoral public services,民政,7
河池市人民政府,sectoral_public_services,行业应用与公共服务,Sectoral public services,民政,7
中山市人民政府,sectoral_public_services,行业应用与公共服务,Sectoral public services,民政,7
清远市人民政府,sectoral_public_services,行业应用与公共服务,Sectoral public services,民政,7
深圳市工业和信息化局,digital_industry_data,工业信息化与数据治理,"Digital, industry and data",工业和信息化,7
肇庆市人民政府,sectoral_public_services,行业应用与公共服务,Sectoral public services,民政,7
韶关市人民政府,sectoral_public_services,行业应用与公共服务,Sectoral public services,民政,7
中共金昌市委,party_government_general,党政综合与战略协调,Party-government general,中共,7
武威市人民政府,sectoral_public_services,行业应用与公共服务,Sectoral public services,民政,7
甘肃省财政厅,macro_finance,宏观规划与财政资源配置,Macro planning and finance,财政,7
陇南市人民政府,sectoral_public_services,行业应用与公共服务,Sectoral public services,民政,7
厦门市发展和改革委员会,macro_finance,宏观规划与财政资源配置,Macro planning and finance,发展和改革,7
厦门市工业和信息化局,digital_industry_data,工业信息化与数据治理,"Digital, industry and data",工业和信息化,7
北京市中关村科技园区管理委员会,science_technology,科技创新与科研管理,Science and technology,科技,7
北京市石景山区人民政府,sectoral_public_services,行业应用与公共服务,Sectoral public services,民政,7
淮南市人民政府,sectoral_public_services,行业应用与公共服务,Sectoral public services,民政,7
淮北市人民政府,sectoral_public_services,行业应用与公共服务,Sectoral public services,民政,7
合肥市科学技术局,science_technology,科技创新与科研管理,Science and technology,科学技术,7
安庆市人民政府,sectoral_public_services,行业应用与公共服务,Sectoral public services,民政,7
安徽省发展和改革委员会,macro_finance,宏观规划与财政资源配置,Macro planning and finance,发展和改革,7
宿州市人民政府,sectoral_public_services,行业应用与公共服务,Sectoral public services,民政,7
淮南市教育体育局,education_talent,教育与人才培养,Education and talent,教育,7
蚌埠市人民政府,sectoral_public_services,行业应用与公共服务,Sectoral public services,民政,7
阜阳市人民政府,sectoral_public_services,行业应用与公共服务,Sectoral public services,民政,7
黄山市人民政府,sectoral_public_services,行业应用与公共服务,Sectoral public services,民政,7
环境保护部(已撤销),sectoral_public_services,行业应用与公共服务,Sectoral public services,环境保护,7
中央精神文明建设指导委员会办公室,public_science_culture,宣传文化与公众科学,Public science and culture,文明建设,7
国家税务总局,macro_finance,宏观规划与财政资源配置,Macro planning and finance,税务,7
国家知识产权局,law_regulation_security,法规司法与监管安全,"Law, regulation and security",知识产权,7
温州市人民政府,sectoral_public_services,行业应用与公共服务,Sectoral public services,民政,6
德清县人民政府,sectoral_public_services,行业应用与公共服务,Sectoral public services,民政,6
杭州市经济和信息化局,digital_industry_data,工业信息化与数据治理,"Digital, industry and data",经济和信息化,6
浙江省市场监督管理局,law_regulation_security,法规司法与监管安全,"Law, regulation and security",市场监督,6
温州市鹿城区人民政府,sectoral_public_services,行业应用与公共服务,Sectoral public services,民政,6
诸暨市人民政府,sectoral_public_services,行业应用与公共服务,Sectoral public services,民政,6
长兴县人民政府,sectoral_public_services,行业应用与公共服务,Sectoral public services,民政,6
中共云南省委,party_government_general,党政综合与战略协调,Party-government general,中共,6
临沧市人民政府,sectoral_public_services,行业应用与公共服务,Sectoral public services,民政,6
文山壮族苗族自治州人民政府,sectoral_public_services,行业应用与公共服务,Sectoral public services,民政,6
新疆维吾尔自治区科学技术协会,public_science_culture,宣传文化与公众科学,Public science and culture,科学技术协会,6
天津市发展和改革委员会,macro_finance,宏观规划与财政资源配置,Macro planning and finance,发展和改革,6
河北省发展和改革委员会,macro_finance,宏观规划与财政资源配置,Macro planning and finance,发展和改革,6
凉山彝族自治州人民政府,sectoral_public_services,行业应用与公共服务,Sectoral public services,民政,6
南充市人民政府,sectoral_public_services,行业应用与公共服务,Sectoral public services,民政,6
广元市人民政府,sectoral_public_services,行业应用与公共服务,Sectoral public services,民政,6
雅安市人民政府,sectoral_public_services,行业应用与公共服务,Sectoral public services,民政,6
安徽省经济和信息化委员会,digital_industry_data,工业信息化与数据治理,"Digital, industry and data",经济和信息化,6
上海市杨浦区人民政府,sectoral_public_services,行业应用与公共服务,Sectoral public services,民政,6
上海市浦东新区人民政府,sectoral_public_services,行业应用与公共服务,Sectoral public services,民政,6
上海市闵行区人民政府,sectoral_public_services,行业应用与公共服务,Sectoral public services,民政,6
陕西省人大(含常委会),law_regulation_security,法规司法与监管安全,"Law, regulation and security",人大,6
商洛市人民政府,sectoral_public_services,行业应用与公共服务,Sectoral public services,民政,6
中共山东省委,party_government_general,党政综合与战略协调,Party-government general,中共,6
青岛市大数据发展管理局,digital_industry_data,工业信息化与数据治理,"Digital, industry and data",大数据,6
山东省工业和信息化厅,digital_industry_data,工业信息化与数据治理,"Digital, industry and data",工业和信息化,6
青岛市人力资源和社会保障局,education_talent,教育与人才培养,Education and talent,人力资源,6
青岛市财政局,macro_finance,宏观规划与财政资源配置,Macro planning and finance,财政,6
西宁市人民政府,sectoral_public_services,行业应用与公共服务,Sectoral public services,民政,6
黄南藏族自治州人民政府,sectoral_public_services,行业应用与公共服务,Sectoral public services,民政,6
辽宁省人力资源和社会保障厅,education_talent,教育与人才培养,Education and talent,人力资源,6
吉安市人民政府,sectoral_public_services,行业应用与公共服务,Sectoral public services,民政,6
江西省人力资源和社会保障厅,education_talent,教育与人才培养,Education and talent,人力资源,6
江西省财政厅,macro_finance,宏观规划与财政资源配置,Macro planning and finance,财政,6
中共南京市委,party_government_general,党政综合与战略协调,Party-government general,中共,6
南京市工业和信息化局,digital_industry_data,工业信息化与数据治理,"Digital, industry and data",工业和信息化,6
南通市科学技术局,science_technology,科技创新与科研管理,Science and technology,科学技术,6
无锡市财政局,macro_finance,宏观规划与财政资源配置,Macro planning and finance,财政,6
昆山市人民政府,sectoral_public_services,行业应用与公共服务,Sectoral public services,民政,6
苏州市经济和信息化委员会,digital_industry_data,工业信息化与数据治理,"Digital, industry and data",经济和信息化,6
连云港市人民政府,sectoral_public_services,行业应用与公共服务,Sectoral public services,民政,6
湖南省科学技术协会,public_science_culture,宣传文化与公众科学,Public science and culture,科学技术协会,6
长沙市教育局,education_talent,教育与人才培养,Education and talent,教育,6
武汉市人力资源和社会保障局,education_talent,教育与人才培养,Education and talent,人力资源,6
黑河市人民政府,sectoral_public_services,行业应用与公共服务,Sectoral public services,民政,6
平顶山市人民政府,sectoral_public_services,行业应用与公共服务,Sectoral public services,民政,6
开封市人民政府,sectoral_public_services,行业应用与公共服务,Sectoral public services,民政,6
中共河南省委网络安全和信息化委员会,digital_industry_data,工业信息化与数据治理,"Digital, industry and data",信息化,6
驻马店市人民政府,sectoral_public_services,行业应用与公共服务,Sectoral public services,民政,6
邯郸市教育局,education_talent,教育与人才培养,Education and talent,教育,6
秦皇岛市人民政府,sectoral_public_services,行业应用与公共服务,Sectoral public services,民政,6
广西壮族自治区大数据发展局,digital_industry_data,工业信息化与数据治理,"Digital, industry and data",大数据,6
广西壮族自治区发展和改革委员会,macro_finance,宏观规划与财政资源配置,Macro planning and finance,发展和改革,6
钦州市人民政府,sectoral_public_services,行业应用与公共服务,Sectoral public services,民政,6
广东省卫生健康委员会,sectoral_public_services,行业应用与公共服务,Sectoral public services,卫生健康,6
广东省科学技术协会,public_science_culture,宣传文化与公众科学,Public science and culture,科学技术协会,6
甘肃省发展和改革委员会,macro_finance,宏观规划与财政资源配置,Macro planning and finance,发展和改革,6
漳州市人民政府,sectoral_public_services,行业应用与公共服务,Sectoral public services,民政,6
莆田市人民政府,sectoral_public_services,行业应用与公共服务,Sectoral public services,民政,6
北京市卫生和计划生育委员会,sectoral_public_services,行业应用与公共服务,Sectoral public services,卫生,6
北京市顺义区人民政府,sectoral_public_services,行业应用与公共服务,Sectoral public services,民政,6
合肥市发展和改革委员会,macro_finance,宏观规划与财政资源配置,Macro planning and finance,发展和改革,6
安徽省人力资源和社会保障厅,education_talent,教育与人才培养,Education and talent,人力资源,6
安徽省经济和信息化厅,digital_industry_data,工业信息化与数据治理,"Digital, industry and data",经济和信息化,6
淮南市教育局,education_talent,教育与人才培养,Education and talent,教育,6
中国教育学会,education_talent,教育与人才培养,Education and talent,教育,6
中共中央组织部,party_government_general,党政综合与战略协调,Party-government general,中共,6
国家互联网信息办公室,digital_industry_data,工业信息化与数据治理,"Digital, industry and data",网信,6
国家粮食局(含国家粮食储备局)(已撤销),sectoral_public_services,行业应用与公共服务,Sectoral public services,粮食,6
国家广播电视总局,public_science_culture,宣传文化与公众科学,Public science and culture,广播电视,6
应急管理部,law_regulation_security,法规司法与监管安全,"Law, regulation and security",应急,6
国家民族事务委员会,sectoral_public_services,行业应用与公共服务,Sectoral public services,民族事务,6
枣庄市人民政府,sectoral_public_services,行业应用与公共服务,Sectoral public services,民政,6
重庆高新区管理委员会,party_government_general,党政综合与战略协调,Party-government general,高新区管理委员会,5
宁波市经济和信息化局,digital_industry_data,工业信息化与数据治理,"Digital, industry and data",经济和信息化,5
宁波市经济和信息化委员会,digital_industry_data,工业信息化与数据治理,"Digital, industry and data",经济和信息化,5
杭州市发展和改革委员会,macro_finance,宏观规划与财政资源配置,Macro planning and finance,发展和改革,5
浙江省农业农村厅,sectoral_public_services,行业应用与公共服务,Sectoral public services,农业,5
云南省卫生健康委员会,sectoral_public_services,行业应用与公共服务,Sectoral public services,卫生健康,5
云南省发展和改革委员会,macro_finance,宏观规划与财政资源配置,Macro planning and finance,发展和改革,5
昆明市科学技术局,science_technology,科技创新与科研管理,Science and technology,科学技术,5
乌鲁木齐市科学技术局,science_technology,科技创新与科研管理,Science and technology,科学技术,5
天津市人大(含常委会),law_regulation_security,法规司法与监管安全,"Law, regulation and security",人大,5
天津市红桥区人民政府,sectoral_public_services,行业应用与公共服务,Sectoral public services,民政,5
四川省卫生健康委员会,sectoral_public_services,行业应用与公共服务,Sectoral public services,卫生健康,5
四川省经济和信息化厅,digital_industry_data,工业信息化与数据治理,"Digital, industry and data",经济和信息化,5
四川省自然资源厅,sectoral_public_services,行业应用与公共服务,Sectoral public services,自然资源,5
四川省人大(含常委会),law_regulation_security,法规司法与监管安全,"Law, regulation and security",人大,5
阿坝藏族羌族自治州人民政府,sectoral_public_services,行业应用与公共服务,Sectoral public services,民政,5
上海市市场监督管理局,law_regulation_security,法规司法与监管安全,"Law, regulation and security",市场监督,5
江苏省市场监督管理局,law_regulation_security,法规司法与监管安全,"Law, regulation and security",市场监督,5
上海市卫生健康委员会,sectoral_public_services,行业应用与公共服务,Sectoral public services,卫生健康,5
中共上海市委,party_government_general,党政综合与战略协调,Party-government general,中共,5
汉中市人民政府,sectoral_public_services,行业应用与公共服务,Sectoral public services,民政,5
大同市人民政府,sectoral_public_services,行业应用与公共服务,Sectoral public services,民政,5
朔州市人民政府,sectoral_public_services,行业应用与公共服务,Sectoral public services,民政,5
中共青岛市委,party_government_general,党政综合与战略协调,Party-government general,中共,5
青海省人力资源和社会保障厅,education_talent,教育与人才培养,Education and talent,人力资源,5
银川市教育局,education_talent,教育与人才培养,Education and talent,教育,5
乌兰察布市人民政府,sectoral_public_services,行业应用与公共服务,Sectoral public services,民政,5
乌海市人民政府,sectoral_public_services,行业应用与公共服务,Sectoral public services,民政,5
丹东市人民政府,sectoral_public_services,行业应用与公共服务,Sectoral public services,民政,5
辽宁省财政厅,macro_finance,宏观规划与财政资源配置,Macro planning and finance,财政,5
辽宁省发展和改革委员会,macro_finance,宏观规划与财政资源配置,Macro planning and finance,发展和改革,5
阜新市人民政府,sectoral_public_services,行业应用与公共服务,Sectoral public services,民政,5
中共江西省委员会,party_government_general,党政综合与战略协调,Party-government general,中共,5
宜春市人民政府,sectoral_public_services,行业应用与公共服务,Sectoral public services,民政,5
江西省人大(含常委会),law_regulation_security,法规司法与监管安全,"Law, regulation and security",人大,5
扬州市科学技术局,science_technology,科技创新与科研管理,Science and technology,科学技术,5
徐州市科学技术局,science_technology,科技创新与科研管理,Science and technology,科学技术,5
吉林市人民政府,sectoral_public_services,行业应用与公共服务,Sectoral public services,民政,5
吉林省发展和改革委员会,macro_finance,宏观规划与财政资源配置,Macro planning and finance,发展和改革,5
吉林省工业和信息化厅,digital_industry_data,工业信息化与数据治理,"Digital, industry and data",工业和信息化,5
白城市人民政府,sectoral_public_services,行业应用与公共服务,Sectoral public services,民政,5
湘潭市人民政府,sectoral_public_services,行业应用与公共服务,Sectoral public services,民政,5
娄底市人民政府,sectoral_public_services,行业应用与公共服务,Sectoral public services,民政,5
长沙市工业和信息化局,digital_industry_data,工业信息化与数据治理,"Digital, industry and data",工业和信息化,5
长沙市科学技术局,science_technology,科技创新与科研管理,Science and technology,科学技术,5
湖北省人大(含常委会),law_regulation_security,法规司法与监管安全,"Law, regulation and security",人大,5
中共湖北省委,party_government_general,党政综合与战略协调,Party-government general,中共,5
鄂州市人民政府,sectoral_public_services,行业应用与公共服务,Sectoral public services,民政,5
黄冈市人民政府,sectoral_public_services,行业应用与公共服务,Sectoral public services,民政,5
七台河市人民政府,sectoral_public_services,行业应用与公共服务,Sectoral public services,民政,5
鸡西市人民政府,sectoral_public_services,行业应用与公共服务,Sectoral public services,民政,5
绥化市人民政府,sectoral_public_services,行业应用与公共服务,Sectoral public services,民政,5
黑龙江省人力资源和社会保障厅,education_talent,教育与人才培养,Education and talent,人力资源,5
黑龙江省科学技术协会,public_science_culture,宣传文化与公众科学,Public science and culture,科学技术协会,5
齐齐哈尔市人民政府,sectoral_public_services,行业应用与公共服务,Sectoral public services,民政,5
周口市人民政府,sectoral_public_services,行业应用与公共服务,Sectoral public services,民政,5
河南省交通运输厅,sectoral_public_services,行业应用与公共服务,Sectoral public services,交通,5
河南省人大(含常委会),law_regulation_security,法规司法与监管安全,"Law, regulation and security",人大,5
漯河市人民政府,sectoral_public_services,行业应用与公共服务,Sectoral public services,民政,5
承德市人民政府,sectoral_public_services,行业应用与公共服务,Sectoral public services,民政,5
海南省发展和改革委员会,macro_finance,宏观规划与财政资源配置,Macro planning and finance,发展和改革,5
贵州省人力资源和社会保障厅,education_talent,教育与人才培养,Education and talent,人力资源,5
贵州省发展和改革委员会,macro_finance,宏观规划与财政资源配置,Macro planning and finance,发展和改革,5
铜仁市人民政府,sectoral_public_services,行业应用与公共服务,Sectoral public services,民政,5
三江侗族自治县人民政府,sectoral_public_services,行业应用与公共服务,Sectoral public services,民政,5
南宁市科学技术局,science_technology,科技创新与科研管理,Science and technology,科学技术,5
广西壮族自治区工业和信息化厅,digital_industry_data,工业信息化与数据治理,"Digital, industry and data",工业和信息化,5
龙州县人民政府,sectoral_public_services,行业应用与公共服务,Sectoral public services,民政,5
东莞市人民政府,sectoral_public_services,行业应用与公共服务,Sectoral public services,民政,5
惠州市人民政府,sectoral_public_services,行业应用与公共服务,Sectoral public services,民政,5
广东省发展和改革委员会,macro_finance,宏观规划与财政资源配置,Macro planning and finance,发展和改革,5
广东省工业和信息化厅,digital_industry_data,工业信息化与数据治理,"Digital, industry and data",工业和信息化,5
广州市科技和信息化局,science_technology,科技创新与科研管理,Science and technology,科技,5
揭阳市人民政府,sectoral_public_services,行业应用与公共服务,Sectoral public services,民政,5
河源市人民政府,sectoral_public_services,行业应用与公共服务,Sectoral public services,民政,5
深圳市科技创新局,science_technology,科技创新与科研管理,Science and technology,科技,5
深圳市龙华区人民政府,sectoral_public_services,行业应用与公共服务,Sectoral public services,民政,5
甘肃省人力资源和社会保障厅,education_talent,教育与人才培养,Education and talent,人力资源,5
厦门市教育局,education_talent,教育与人才培养,Education and talent,教育,5
福州市科学技术局,science_technology,科技创新与科研管理,Science and technology,科学技术,5
北京市人大(含常委会),law_regulation_security,法规司法与监管安全,"Law, regulation and security",人大,5
北京市卫生健康委员会,sectoral_public_services,行业应用与公共服务,Sectoral public services,卫生健康,5
北京市海淀区人民政府,sectoral_public_services,行业应用与公共服务,Sectoral public services,民政,5
北京市通州区人民政府,sectoral_public_services,行业应用与公共服务,Sectoral public services,民政,5
安徽省农业农村厅,sectoral_public_services,行业应用与公共服务,Sectoral public services,农业,5
中共安徽省委宣传部,public_science_culture,宣传文化与公众科学,Public science and culture,宣传,5
铜陵市人民政府,sectoral_public_services,行业应用与公共服务,Sectoral public services,民政,5
国家标准化管理委员会,law_regulation_security,法规司法与监管安全,"Law, regulation and security",标准化,5
中国互联网协会,digital_industry_data,工业信息化与数据治理,"Digital, industry and data",互联网协会,5
中国证券监督管理委员会,macro_finance,宏观规划与财政资源配置,Macro planning and finance,证券监督,5
中国银行保险监督管理委员会(已撤销),macro_finance,宏观规划与财政资源配置,Macro planning and finance,银行保险监督,5
中华全国总工会,public_science_culture,宣传文化与公众科学,Public science and culture,总工会,5
全国妇女联合会,public_science_culture,宣传文化与公众科学,Public science and culture,妇女联合会,5
国务院食品安全委员会,law_regulation_security,法规司法与监管安全,"Law, regulation and security",安全,5
国家海洋局(已撤销),sectoral_public_services,行业应用与公共服务,Sectoral public services,海洋,5
国家金融监督管理总局,macro_finance,宏观规划与财政资源配置,Macro planning and finance,金融,5
国家林业局(已撤销),sectoral_public_services,行业应用与公共服务,Sectoral public services,林业,5
昆明市教育体育局,education_talent,教育与人才培养,Education and talent,教育,5
上海市宝山区人民政府,sectoral_public_services,行业应用与公共服务,Sectoral public services,民政,5
延安市人民政府,sectoral_public_services,行业应用与公共服务,Sectoral public services,民政,5
重庆市大数据应用发展管理局,digital_industry_data,工业信息化与数据治理,"Digital, industry and data",大数据,4
重庆市人大(含常委会),law_regulation_security,法规司法与监管安全,"Law, regulation and security",人大,4
中共宁波市委,party_government_general,党政综合与战略协调,Party-government general,中共,4
丽水市人民政府,sectoral_public_services,行业应用与公共服务,Sectoral public services,民政,4
丽水市科学技术局,science_technology,科技创新与科研管理,Science and technology,科学技术,4
乐清市人民政府,sectoral_public_services,行业应用与公共服务,Sectoral public services,民政,4
台州市科学技术局,science_technology,科技创新与科研管理,Science and technology,科学技术,4
宁波市财政局,macro_finance,宏观规划与财政资源配置,Macro planning and finance,财政,4
平阳县人民政府,sectoral_public_services,行业应用与公共服务,Sectoral public services,民政,4
杭州市科学技术局,science_technology,科技创新与科研管理,Science and technology,科学技术,4
浙江省人力资源和社会保障厅,education_talent,教育与人才培养,Education and talent,人力资源,4
浙江省民政厅,sectoral_public_services,行业应用与公共服务,Sectoral public services,民政,4
浙江省科学技术协会,public_science_culture,宣传文化与公众科学,Public science and culture,科学技术协会,4
海盐县人民政府,sectoral_public_services,行业应用与公共服务,Sectoral public services,民政,4
温州市洞头区人民政府,sectoral_public_services,行业应用与公共服务,Sectoral public services,民政,4
龙泉市人民政府,sectoral_public_services,行业应用与公共服务,Sectoral public services,民政,4
迪庆藏族自治州人民政府,sectoral_public_services,行业应用与公共服务,Sectoral public services,民政,4
云南省农业农村厅,sectoral_public_services,行业应用与公共服务,Sectoral public services,农业,4
昆明市人大(含常委会),law_regulation_security,法规司法与监管安全,"Law, regulation and security",人大,4
中共新疆维吾尔自治区委员会,party_government_general,党政综合与战略协调,Party-government general,中共,4
天津市蓟州区人民政府,sectoral_public_services,行业应用与公共服务,Sectoral public services,民政,4
天津市河东区人民政府,sectoral_public_services,行业应用与公共服务,Sectoral public services,民政,4
天津市河北区人民政府,sectoral_public_services,行业应用与公共服务,Sectoral public services,民政,4
天津市和平区人民政府,sectoral_public_services,行业应用与公共服务,Sectoral public services,民政,4
天津市宝坻区人民政府,sectoral_public_services,行业应用与公共服务,Sectoral public services,民政,4
天津市工业和信息化局,digital_industry_data,工业信息化与数据治理,"Digital, industry and data",工业和信息化,4
天津市科学技术委员会,science_technology,科技创新与科研管理,Science and technology,科学技术,4
天津市西青区人民政府,sectoral_public_services,行业应用与公共服务,Sectoral public services,民政,4
天津市津南区人民政府,sectoral_public_services,行业应用与公共服务,Sectoral public services,民政,4
泸州市人民政府,sectoral_public_services,行业应用与公共服务,Sectoral public services,民政,4
上海市国有资产监督管理委员会,macro_finance,宏观规划与财政资源配置,Macro planning and finance,国有资产,4
上海市静安区人民政府,sectoral_public_services,行业应用与公共服务,Sectoral public services,民政,4
中共陕西省委,party_government_general,党政综合与战略协调,Party-government general,中共,4
榆林市人民政府,sectoral_public_services,行业应用与公共服务,Sectoral public services,民政,4
西安市卫生和计划生育委员会(原市卫生局),sectoral_public_services,行业应用与公共服务,Sectoral public services,卫生,4
陕西省工业和信息化厅,digital_industry_data,工业信息化与数据治理,"Digital, industry and data",工业和信息化,4
陕西省食品药品监督管理局,sectoral_public_services,行业应用与公共服务,Sectoral public services,药品,4
中共山西省委宣传部,public_science_culture,宣传文化与公众科学,Public science and culture,宣传,4
山西省人大(含常委会),law_regulation_security,法规司法与监管安全,"Law, regulation and security",人大,4
中共济南市委员会,party_government_general,党政综合与战略协调,Party-government general,中共,4
威海市教育局,education_talent,教育与人才培养,Education and talent,教育,4
威海市科学技术局,science_technology,科技创新与科研管理,Science and technology,科学技术,4
山东省住房和城乡建设厅,sectoral_public_services,行业应用与公共服务,Sectoral public services,住房,4
日照市人民政府,sectoral_public_services,行业应用与公共服务,Sectoral public services,民政,4
枣庄市科学技术局,science_technology,科技创新与科研管理,Science and technology,科学技术,4
济南市科技局,science_technology,科技创新与科研管理,Science and technology,科技,4
济宁市人民政府,sectoral_public_services,行业应用与公共服务,Sectoral public services,民政,4
潍坊市人民政府,sectoral_public_services,行业应用与公共服务,Sectoral public services,民政,4
中共宁夏回族自治区委员会,party_government_general,党政综合与战略协调,Party-government general,中共,4
宁夏回族自治区地质局,sectoral_public_services,行业应用与公共服务,Sectoral public services,地质,4
中共内蒙古自治区委员会,party_government_general,党政综合与战略协调,Party-government general,中共,4
内蒙古自治区科学技术协会,public_science_culture,宣传文化与公众科学,Public science and culture,科学技术协会,4
巴彦淖尔市人民政府,sectoral_public_services,行业应用与公共服务,Sectoral public services,民政,4
沈阳市教育局,education_talent,教育与人才培养,Education and talent,教育,4
辽宁省人大(含常委会),law_regulation_security,法规司法与监管安全,"Law, regulation and security",人大,4
铁岭市人民政府,sectoral_public_services,行业应用与公共服务,Sectoral public services,民政,4
中共江西省委教育工委,education_talent,教育与人才培养,Education and talent,教育,4
江西省科学技术协会,public_science_culture,宣传文化与公众科学,Public science and culture,科学技术协会,4
江苏省高级人民法院,law_regulation_security,法规司法与监管安全,"Law, regulation and security",法院,4
南京市教育局,education_talent,教育与人才培养,Education and talent,教育,4
如东县人民政府,sectoral_public_services,行业应用与公共服务,Sectoral public services,民政,4
常熟市人民政府,sectoral_public_services,行业应用与公共服务,Sectoral public services,民政,4
张家港市人民政府,sectoral_public_services,行业应用与公共服务,Sectoral public services,民政,4
江苏省政务服务管理办公室,digital_industry_data,工业信息化与数据治理,"Digital, industry and data",政务服务,4
泗阳县人民政府,sectoral_public_services,行业应用与公共服务,Sectoral public services,民政,4
吉林省卫生健康委员会,sectoral_public_services,行业应用与公共服务,Sectoral public services,卫生健康,4
吉林省人大(含常委会),law_regulation_security,法规司法与监管安全,"Law, regulation and security",人大,4
吉林省水利厅,sectoral_public_services,行业应用与公共服务,Sectoral public services,水利,4
通化市人民政府,sectoral_public_services,行业应用与公共服务,Sectoral public services,民政,4
长春市科学技术局,science_technology,科技创新与科研管理,Science and technology,科学技术,4
湖南省卫生健康委员会,sectoral_public_services,行业应用与公共服务,Sectoral public services,卫生健康,4
湖南省人力资源和社会保障厅,education_talent,教育与人才培养,Education and talent,人力资源,4
恩施土家族苗族自治州人民政府,sectoral_public_services,行业应用与公共服务,Sectoral public services,民政,4
荆门市人民政府,sectoral_public_services,行业应用与公共服务,Sectoral public services,民政,4
中共黑龙江省委,party_government_general,党政综合与战略协调,Party-government general,中共,4
鹤岗市人民政府,sectoral_public_services,行业应用与公共服务,Sectoral public services,民政,4
黑龙江省人大(含常委会),law_regulation_security,法规司法与监管安全,"Law, regulation and security",人大,4
商丘市人民政府,sectoral_public_services,行业应用与公共服务,Sectoral public services,民政,4
开封市科学技术局,science_technology,科技创新与科研管理,Science and technology,科学技术,4
河南省农业农村厅,sectoral_public_services,行业应用与公共服务,Sectoral public services,农业,4
河南省科学院,science_technology,科技创新与科研管理,Science and technology,科学院,4
河南省市场监督管理局,law_regulation_security,法规司法与监管安全,"Law, regulation and security",市场监督,4
河北省工业和信息化厅,digital_industry_data,工业信息化与数据治理,"Digital, industry and data",工业和信息化,4
邯郸市科学技术局,science_technology,科技创新与科研管理,Science and technology,科学技术,4
中共海南省委员会,party_government_general,党政综合与战略协调,Party-government general,中共,4
海南省财政厅,macro_finance,宏观规划与财政资源配置,Macro planning and finance,财政,4
毕节市人民政府,sectoral_public_services,行业应用与公共服务,Sectoral public services,民政,4
贵阳市人大(含常委会),law_regulation_security,法规司法与监管安全,"Law, regulation and security",人大,4
贵州省交通运输厅,sectoral_public_services,行业应用与公共服务,Sectoral public services,交通,4
贵阳市科学技术局,science_technology,科技创新与科研管理,Science and technology,科学技术,4
黔西南布依族苗族自治州人民政府,sectoral_public_services,行业应用与公共服务,Sectoral public services,民政,4
中共广西壮族自治区委员会,party_government_general,党政综合与战略协调,Party-government general,中共,4
凌云县人民政府,sectoral_public_services,行业应用与公共服务,Sectoral public services,民政,4
广西壮族自治区人力资源和社会保障厅,education_talent,教育与人才培养,Education and talent,人力资源,4
广西壮族自治区科学技术协会,public_science_culture,宣传文化与公众科学,Public science and culture,科学技术协会,4
德保县人民政府,sectoral_public_services,行业应用与公共服务,Sectoral public services,民政,4
来宾市人民政府,sectoral_public_services,行业应用与公共服务,Sectoral public services,民政,4
柳州市人民政府,sectoral_public_services,行业应用与公共服务,Sectoral public services,民政,4
河池市宜州区人民政府,sectoral_public_services,行业应用与公共服务,Sectoral public services,民政,4
贵港市人民政府,sectoral_public_services,行业应用与公共服务,Sectoral public services,民政,4
贺州市人民政府,sectoral_public_services,行业应用与公共服务,Sectoral public services,民政,4
钟山县人民政府,sectoral_public_services,行业应用与公共服务,Sectoral public services,民政,4
防城港市人民政府,sectoral_public_services,行业应用与公共服务,Sectoral public services,民政,4
中共深圳市委,party_government_general,党政综合与战略协调,Party-government general,中共,4
广东省人大(含常委会),law_regulation_security,法规司法与监管安全,"Law, regulation and security",人大,4
中国共产党广东省委员会,party_government_general,党政综合与战略协调,Party-government general,中国共产党,4
广东省人力资源和社会保障厅,education_talent,教育与人才培养,Education and talent,人力资源,4
广州知识产权法院,law_regulation_security,法规司法与监管安全,"Law, regulation and security",法院,4
汕头市科学技术局,science_technology,科技创新与科研管理,Science and technology,科学技术,4
深圳市宝安区人民政府,sectoral_public_services,行业应用与公共服务,Sectoral public services,民政,4
珠海市科技创新局,science_technology,科技创新与科研管理,Science and technology,科技,4
茂名市人民政府,sectoral_public_services,行业应用与公共服务,Sectoral public services,民政,4
兰州市科学技术局,science_technology,科技创新与科研管理,Science and technology,科学技术,4
张掖市人民政府,sectoral_public_services,行业应用与公共服务,Sectoral public services,民政,4
中共福建省委,party_government_general,党政综合与战略协调,Party-government general,中共,4
中共福建省委宣传部,public_science_culture,宣传文化与公众科学,Public science and culture,宣传,4
福州市卫生健康委员会,sectoral_public_services,行业应用与公共服务,Sectoral public services,卫生健康,4
北京市丰台区人力资源和社会保障局,education_talent,教育与人才培养,Education and talent,人力资源,4
北京市经济技术开发区管理委员会,party_government_general,党政综合与战略协调,Party-government general,开发区管理委员会,4
北京市昌平区人民政府,sectoral_public_services,行业应用与公共服务,Sectoral public services,民政,4
中共安徽省委员会,party_government_general,党政综合与战略协调,Party-government general,中共,4
安徽省住房和城乡建设厅,sectoral_public_services,行业应用与公共服务,Sectoral public services,住房,4
中国科协学会服务中心,public_science_culture,宣传文化与公众科学,Public science and culture,科协,4
共青团中央,other_unclear,其他或无法判定,Other or unclear,,4
文化部(已撤销),public_science_culture,宣传文化与公众科学,Public science and culture,文化,4
海关总署,law_regulation_security,法规司法与监管安全,"Law, regulation and security",海关,4
国家工商行政管理总局(已撤销),law_regulation_security,法规司法与监管安全,"Law, regulation and security",工商行政,4
国家疾病预防控制局,other_unclear,其他或无法判定,Other or unclear,,4
中央机构编制委员会办公室,other_unclear,其他或无法判定,Other or unclear,,4
国家国防科技工业局,science_technology,科技创新与科研管理,Science and technology,科技,4
国家医疗保障局,other_unclear,其他或无法判定,Other or unclear,,4
国家航天局,other_unclear,其他或无法判定,Other or unclear,,4
卫生部(已撤销),sectoral_public_services,行业应用与公共服务,Sectoral public services,卫生,4
中国工程院,science_technology,科技创新与科研管理,Science and technology,工程院,4
上海市普陀区人民政府,sectoral_public_services,行业应用与公共服务,Sectoral public services,民政,4
宁夏回族自治区科学技术协会,public_science_culture,宣传文化与公众科学,Public science and culture,科学技术协会,4
重庆市知识产权局,law_regulation_security,法规司法与监管安全,"Law, regulation and security",知识产权,3
重庆两江新区管理委员会,other_unclear,其他或无法判定,Other or unclear,,3
中共台州市委,party_government_general,党政综合与战略协调,Party-government general,中共,3
中共浙江省委员会,party_government_general,党政综合与战略协调,Party-government general,中共,3
龙港市人民政府,sectoral_public_services,行业应用与公共服务,Sectoral public services,民政,3
丽水市财政局,macro_finance,宏观规划与财政资源配置,Macro planning and finance,财政,3
嘉兴市南湖区人民政府,sectoral_public_services,行业应用与公共服务,Sectoral public services,民政,3
嘉善县人民政府,sectoral_public_services,行业应用与公共服务,Sectoral public services,民政,3
宁波市民政局,sectoral_public_services,行业应用与公共服务,Sectoral public services,民政,3
平湖市财政局,macro_finance,宏观规划与财政资源配置,Macro planning and finance,财政,3
中共杭州市委宣传部,public_science_culture,宣传文化与公众科学,Public science and culture,宣传,3
共青团杭州市委员会,party_government_general,党政综合与战略协调,Party-government general,市委,3
杭州市人力资源和社会保障局,education_talent,教育与人才培养,Education and talent,人力资源,3
杭州市妇女联合会,public_science_culture,宣传文化与公众科学,Public science and culture,妇女联合会,3
杭州市总工会,public_science_culture,宣传文化与公众科学,Public science and culture,总工会,3
杭州市文化广电旅游局,public_science_culture,宣传文化与公众科学,Public science and culture,文化,3
杭州市社会科学界联合会,other_unclear,其他或无法判定,Other or unclear,,3
永嘉县人民政府,sectoral_public_services,行业应用与公共服务,Sectoral public services,民政,3
中共浙江省委网络安全和信息化领导小组办公室,digital_industry_data,工业信息化与数据治理,"Digital, industry and data",信息化,3
磐安县人民政府,sectoral_public_services,行业应用与公共服务,Sectoral public services,民政,3
绍兴市上虞区人民政府,sectoral_public_services,行业应用与公共服务,Sectoral public services,民政,3
绍兴市越城区人民政府,sectoral_public_services,行业应用与公共服务,Sectoral public services,民政,3
舟山市财政局,macro_finance,宏观规划与财政资源配置,Macro planning and finance,财政,3
苍南县人民政府,sectoral_public_services,行业应用与公共服务,Sectoral public services,民政,3
中共昆明市委,party_government_general,党政综合与战略协调,Party-government general,中共,3
丽江市人民政府,sectoral_public_services,行业应用与公共服务,Sectoral public services,民政,3
云南省人力资源和社会保障厅,education_talent,教育与人才培养,Education and talent,人力资源,3
云南省工业和信息化厅,digital_industry_data,工业信息化与数据治理,"Digital, industry and data",工业和信息化,3
云南省自然资源厅,sectoral_public_services,行业应用与公共服务,Sectoral public services,自然资源,3
大理白族自治州人民政府,sectoral_public_services,行业应用与公共服务,Sectoral public services,民政,3
喀什地区行政公署,other_unclear,其他或无法判定,Other or unclear,,3
阿勒泰地区行政公署,other_unclear,其他或无法判定,Other or unclear,,3
拉萨市人民政府,sectoral_public_services,行业应用与公共服务,Sectoral public services,民政,3
天津市东丽区人民政府,sectoral_public_services,行业应用与公共服务,Sectoral public services,民政,3
天津市南开区人民政府,sectoral_public_services,行业应用与公共服务,Sectoral public services,民政,3
天津市交通运输委员会,sectoral_public_services,行业应用与公共服务,Sectoral public services,交通,3
天津市国资委,macro_finance,宏观规划与财政资源配置,Macro planning and finance,国资,3
天津市科学技术协会,public_science_culture,宣传文化与公众科学,Public science and culture,科学技术协会,3
中共成都市委,party_government_general,党政综合与战略协调,Party-government general,中共,3
四川省环境保护厅,sectoral_public_services,行业应用与公共服务,Sectoral public services,环境保护,3
四川省科学技术协会,public_science_culture,宣传文化与公众科学,Public science and culture,科学技术协会,3
四川省经济和信息化委员会,digital_industry_data,工业信息化与数据治理,"Digital, industry and data",经济和信息化,3
巴中市人民政府,sectoral_public_services,行业应用与公共服务,Sectoral public services,民政,3
成都市发展和改革委员会,macro_finance,宏观规划与财政资源配置,Macro planning and finance,发展和改革,3
成都市经济和信息化局,digital_industry_data,工业信息化与数据治理,"Digital, industry and data",经济和信息化,3
成都市财政局,macro_finance,宏观规划与财政资源配置,Macro planning and finance,财政,3
攀枝花市人民政府,sectoral_public_services,行业应用与公共服务,Sectoral public services,民政,3
自贡市人民政府,sectoral_public_services,行业应用与公共服务,Sectoral public services,民政,3
安徽省市场监督管理局,law_regulation_security,法规司法与监管安全,"Law, regulation and security",市场监督,3
上海市商务委员会,sectoral_public_services,行业应用与公共服务,Sectoral public services,商务,3
上海市松江区人大(含常委会),law_regulation_security,法规司法与监管安全,"Law, regulation and security",人大,3
上海市科普工作联席会议办公室,other_unclear,其他或无法判定,Other or unclear,,3
上海市黄浦区人民政府,sectoral_public_services,行业应用与公共服务,Sectoral public services,民政,3
中共陕西省委教育工委,education_talent,教育与人才培养,Education and talent,教育,3
陕西省农业厅,sectoral_public_services,行业应用与公共服务,Sectoral public services,农业,3
陕西省人民政府国有资产监督管理委员会,macro_finance,宏观规划与财政资源配置,Macro planning and finance,国有资产,3
中共陕西省委组织部,party_government_general,党政综合与战略协调,Party-government general,中共,3
陕西省职称改革办公室,education_talent,教育与人才培养,Education and talent,职称,3
太原市科学技术局,science_technology,科技创新与科研管理,Science and technology,科学技术,3
山西省人民政府国有资产监督管理委员会,macro_finance,宏观规划与财政资源配置,Macro planning and finance,国有资产,3
山西省公安厅,law_regulation_security,法规司法与监管安全,"Law, regulation and security",公安,3
山西省自然资源厅,sectoral_public_services,行业应用与公共服务,Sectoral public services,自然资源,3
山西省市场监督管理局,law_regulation_security,法规司法与监管安全,"Law, regulation and security",市场监督,3
中共临沂市委员会,party_government_general,党政综合与战略协调,Party-government general,中共,3
威海市人民政府,sectoral_public_services,行业应用与公共服务,Sectoral public services,民政,3
山东省人大(含常委会),law_regulation_security,法规司法与监管安全,"Law, regulation and security",人大,3
济南市大数据局,digital_industry_data,工业信息化与数据治理,"Digital, industry and data",大数据,3
淄博市工业和信息化局,digital_industry_data,工业信息化与数据治理,"Digital, industry and data",工业和信息化,3
烟台市人大(含常委会),law_regulation_security,法规司法与监管安全,"Law, regulation and security",人大,3
烟台市科学技术局,science_technology,科技创新与科研管理,Science and technology,科学技术,3
青岛市人大(含常委会),law_regulation_security,法规司法与监管安全,"Law, regulation and security",人大,3
青海省财政厅,macro_finance,宏观规划与财政资源配置,Macro planning and finance,财政,3
中共银川市委员会,party_government_general,党政综合与战略协调,Party-government general,中共,3
固原市人民政府,sectoral_public_services,行业应用与公共服务,Sectoral public services,民政,3
宁夏回族自治区发展和改革委员会,macro_finance,宏观规划与财政资源配置,Macro planning and finance,发展和改革,3
宁夏回族自治区工业和信息化厅,digital_industry_data,工业信息化与数据治理,"Digital, industry and data",工业和信息化,3
宁夏回族自治区财政厅,macro_finance,宏观规划与财政资源配置,Macro planning and finance,财政,3
石嘴山市人民政府,sectoral_public_services,行业应用与公共服务,Sectoral public services,民政,3
包头市市场监督管理局,law_regulation_security,法规司法与监管安全,"Law, regulation and security",市场监督,3
通辽市人民政府,sectoral_public_services,行业应用与公共服务,Sectoral public services,民政,3
中共辽宁省委员会,party_government_general,党政综合与战略协调,Party-government general,中共,3
沈阳市发展和改革委员会,macro_finance,宏观规划与财政资源配置,Macro planning and finance,发展和改革,3
辽宁省自然资源厅,sectoral_public_services,行业应用与公共服务,Sectoral public services,自然资源,3
中共辽宁省委宣传部,public_science_culture,宣传文化与公众科学,Public science and culture,宣传,3
鞍山市科学技术局,science_technology,科技创新与科研管理,Science and technology,科学技术,3
上饶市人民政府,sectoral_public_services,行业应用与公共服务,Sectoral public services,民政,3
南昌市人力资源和社会保障局,education_talent,教育与人才培养,Education and talent,人力资源,3
抚州市人民政府,sectoral_public_services,行业应用与公共服务,Sectoral public services,民政,3
江西省卫生健康委员会,sectoral_public_services,行业应用与公共服务,Sectoral public services,卫生健康,3
江西省商务厅,sectoral_public_services,行业应用与公共服务,Sectoral public services,商务,3
中共江西省委宣传部,public_science_culture,宣传文化与公众科学,Public science and culture,宣传,3
南京市财政局,macro_finance,宏观规划与财政资源配置,Macro planning and finance,财政,3
宿迁市科学技术局,science_technology,科技创新与科研管理,Science and technology,科学技术,3
扬州市工业和信息化局,digital_industry_data,工业信息化与数据治理,"Digital, industry and data",工业和信息化,3
江苏省交通运输厅,sectoral_public_services,行业应用与公共服务,Sectoral public services,交通,3
江苏省人民政府国有资产监督管理委员会,macro_finance,宏观规划与财政资源配置,Macro planning and finance,国有资产,3
江苏省公安厅,law_regulation_security,法规司法与监管安全,"Law, regulation and security",公安,3
江苏省农业农村厅,sectoral_public_services,行业应用与公共服务,Sectoral public services,农业,3
苏州市卫生健康委员会,sectoral_public_services,行业应用与公共服务,Sectoral public services,卫生健康,3
连云港市海州区人民政府,sectoral_public_services,行业应用与公共服务,Sectoral public services,民政,3
靖江市人民政府,sectoral_public_services,行业应用与公共服务,Sectoral public services,民政,3
中共吉林省委员会,party_government_general,党政综合与战略协调,Party-government general,中共,3
中共长春市委员会,party_government_general,党政综合与战略协调,Party-government general,中共,3
吉林省农业农村厅,sectoral_public_services,行业应用与公共服务,Sectoral public services,农业,3
吉林省政务服务和数字化建设管理局,digital_industry_data,工业信息化与数据治理,"Digital, industry and data",数字,3
中国科学院长春分院,science_technology,科技创新与科研管理,Science and technology,科学院,3
中共吉林省委宣传部,public_science_culture,宣传文化与公众科学,Public science and culture,宣传,3
常德市人民政府,sectoral_public_services,行业应用与公共服务,Sectoral public services,民政,3
株洲市人民政府,sectoral_public_services,行业应用与公共服务,Sectoral public services,民政,3
湖南省发展和改革委员会,macro_finance,宏观规划与财政资源配置,Macro planning and finance,发展和改革,3
长沙市数据资源管理局,digital_industry_data,工业信息化与数据治理,"Digital, industry and data",数据,3
长沙市教育督导委员会,education_talent,教育与人才培养,Education and talent,教育,3
武汉市民政局,sectoral_public_services,行业应用与公共服务,Sectoral public services,民政,3
武汉市农业农村局,sectoral_public_services,行业应用与公共服务,Sectoral public services,农业,3
武汉市经济和信息化局,digital_industry_data,工业信息化与数据治理,"Digital, industry and data",经济和信息化,3
湖北省经济和信息化厅,digital_industry_data,工业信息化与数据治理,"Digital, industry and data",经济和信息化,3
中共哈尔滨市委,party_government_general,党政综合与战略协调,Party-government general,中共,3
黑龙江省发展和改革委员会,macro_finance,宏观规划与财政资源配置,Macro planning and finance,发展和改革,3
中共河南省委高校工委,party_government_general,党政综合与战略协调,Party-government general,中共,3
中共河南省委统战部,party_government_general,党政综合与战略协调,Party-government general,中共,3
共青团河南省委员会,party_government_general,党政综合与战略协调,Party-government general,省委,3
郑州国家高新技术产业开发区管委会,science_technology,科技创新与科研管理,Science and technology,高新技术产业开发区,3
郑州高新区科学技术局,science_technology,科技创新与科研管理,Science and technology,科学技术,3
中共河北省委员会,party_government_general,党政综合与战略协调,Party-government general,中共,3
河北省住房和城乡建设厅,sectoral_public_services,行业应用与公共服务,Sectoral public services,住房,3
河北省卫生和计划生育委员会(原河北省卫生厅),sectoral_public_services,行业应用与公共服务,Sectoral public services,卫生,3
河北省财政厅,macro_finance,宏观规划与财政资源配置,Macro planning and finance,财政,3
海南省人大(含常委会),law_regulation_security,法规司法与监管安全,"Law, regulation and security",人大,3
中共贵州省委,party_government_general,党政综合与战略协调,Party-government general,中共,3
贵州省财政厅,macro_finance,宏观规划与财政资源配置,Macro planning and finance,财政,3
贵阳市发展和改革委员会,macro_finance,宏观规划与财政资源配置,Macro planning and finance,发展和改革,3
南丹县人民政府,sectoral_public_services,行业应用与公共服务,Sectoral public services,民政,3
大新县人民政府,sectoral_public_services,行业应用与公共服务,Sectoral public services,民政,3
广西壮族自治区数字广西建设领导小组,digital_industry_data,工业信息化与数据治理,"Digital, industry and data",数字,3
忻城县人民政府,sectoral_public_services,行业应用与公共服务,Sectoral public services,民政,3
扶绥县人民政府,sectoral_public_services,行业应用与公共服务,Sectoral public services,民政,3
来宾市兴宾区人民政府,sectoral_public_services,行业应用与公共服务,Sectoral public services,民政,3
柳州市柳江区人民政府,sectoral_public_services,行业应用与公共服务,Sectoral public services,民政,3
横县人民政府,sectoral_public_services,行业应用与公共服务,Sectoral public services,民政,3
南宁市武鸣区人民政府,sectoral_public_services,行业应用与公共服务,Sectoral public services,民政,3
象州县人民政府,sectoral_public_services,行业应用与公共服务,Sectoral public services,民政,3
钦州市钦北区人民政府,sectoral_public_services,行业应用与公共服务,Sectoral public services,民政,3
广东省商务厅,sectoral_public_services,行业应用与公共服务,Sectoral public services,商务,3
广东省政务服务数据管理局,digital_industry_data,工业信息化与数据治理,"Digital, industry and data",数据,3
广州市人大(含常委会),law_regulation_security,法规司法与监管安全,"Law, regulation and security",人大,3
汕尾市人民政府,sectoral_public_services,行业应用与公共服务,Sectoral public services,民政,3
深圳市人力资源和社会保障局,education_talent,教育与人才培养,Education and talent,人力资源,3
深圳市人大(含常委会),law_regulation_security,法规司法与监管安全,"Law, regulation and security",人大,3
湛江市人民政府,sectoral_public_services,行业应用与公共服务,Sectoral public services,民政,3
潮州市人民政府,sectoral_public_services,行业应用与公共服务,Sectoral public services,民政,3
珠海市人大(含常委会),law_regulation_security,法规司法与监管安全,"Law, regulation and security",人大,3
阳春市人民政府,sectoral_public_services,行业应用与公共服务,Sectoral public services,民政,3
阳江市江城区人民政府,sectoral_public_services,行业应用与公共服务,Sectoral public services,民政,3
龙门县人民政府,sectoral_public_services,行业应用与公共服务,Sectoral public services,民政,3
中共甘肃省委,party_government_general,党政综合与战略协调,Party-government general,中共,3
甘肃省工业和信息化厅,digital_industry_data,工业信息化与数据治理,"Digital, industry and data",工业和信息化,3
甘肃省自然资源厅,sectoral_public_services,行业应用与公共服务,Sectoral public services,自然资源,3
福建省科学技术协会,public_science_culture,宣传文化与公众科学,Public science and culture,科学技术协会,3
厦门市财政局,macro_finance,宏观规划与财政资源配置,Macro planning and finance,财政,3
漳州市教育局,education_talent,教育与人才培养,Education and talent,教育,3
漳州市科学技术局,science_technology,科技创新与科研管理,Science and technology,科学技术,3
福建省体育局,sectoral_public_services,行业应用与公共服务,Sectoral public services,体育,3
福建省卫生健康委员会,sectoral_public_services,行业应用与公共服务,Sectoral public services,卫生健康,3
福建省水利厅,sectoral_public_services,行业应用与公共服务,Sectoral public services,水利,3
北京市东城区人民政府,sectoral_public_services,行业应用与公共服务,Sectoral public services,民政,3
北京市大兴区人力资源和社会保障局,education_talent,教育与人才培养,Education and talent,人力资源,3
北京市大兴区人民政府,sectoral_public_services,行业应用与公共服务,Sectoral public services,民政,3
中共北京市委宣传部,public_science_culture,宣传文化与公众科学,Public science and culture,宣传,3
国家税务总局安徽省税务局,macro_finance,宏观规划与财政资源配置,Macro planning and finance,税务,3
安徽省人大(含常委会),law_regulation_security,法规司法与监管安全,"Law, regulation and security",人大,3
安徽省乡村振兴局,sectoral_public_services,行业应用与公共服务,Sectoral public services,乡村振兴,3
安徽省卫生健康委员会,sectoral_public_services,行业应用与公共服务,Sectoral public services,卫生健康,3
安徽省文化和旅游厅,public_science_culture,宣传文化与公众科学,Public science and culture,文化,3
安徽省自然资源厅,sectoral_public_services,行业应用与公共服务,Sectoral public services,自然资源,3
淮南市发展和改革委员会,macro_finance,宏观规划与财政资源配置,Macro planning and finance,发展和改革,3
蚌埠市教育局,education_talent,教育与人才培养,Education and talent,教育,3
中国民用航空局,other_unclear,其他或无法判定,Other or unclear,,3
中国林学会,other_unclear,其他或无法判定,Other or unclear,,3
中国消防协会,law_regulation_security,法规司法与监管安全,"Law, regulation and security",消防,3
审计署,macro_finance,宏观规划与财政资源配置,Macro planning and finance,审计,3
国家林业和草原局,sectoral_public_services,行业应用与公共服务,Sectoral public services,林业,3
国家版权局,public_science_culture,宣传文化与公众科学,Public science and culture,版权,3
湖州市教育局,education_talent,教育与人才培养,Education and talent,教育,3
嵊泗县人民政府,sectoral_public_services,行业应用与公共服务,Sectoral public services,民政,3
上海市闸北区人民政府,sectoral_public_services,行业应用与公共服务,Sectoral public services,民政,3
山东省卫生健康委员会,sectoral_public_services,行业应用与公共服务,Sectoral public services,卫生健康,3
宁夏回族自治区人力资源和社会保障厅,education_talent,教育与人才培养,Education and talent,人力资源,3
内蒙古自治区卫生厅,sectoral_public_services,行业应用与公共服务,Sectoral public services,卫生,3
无锡市水利局,sectoral_public_services,行业应用与公共服务,Sectoral public services,水利,3
湖北省住房和城乡建设厅,sectoral_public_services,行业应用与公共服务,Sectoral public services,住房,3
保定市人民政府,sectoral_public_services,行业应用与公共服务,Sectoral public services,民政,3
贵州省人大(含常委会),law_regulation_security,法规司法与监管安全,"Law, regulation and security",人大,3
贵阳市教育局,education_talent,教育与人才培养,Education and talent,教育,3
广西壮族自治区交通运输厅,sectoral_public_services,行业应用与公共服务,Sectoral public services,交通,3
南宁市邕宁区人民政府,sectoral_public_services,行业应用与公共服务,Sectoral public services,民政,3
广州市番禺区人民政府,sectoral_public_services,行业应用与公共服务,Sectoral public services,民政,3
中共蚌埠市委,party_government_general,党政综合与战略协调,Party-government general,中共,3
合肥市财政局,macro_finance,宏观规划与财政资源配置,Macro planning and finance,财政,3
淮北市教育局,education_talent,教育与人才培养,Education and talent,教育,3
蚌埠市发展和改革委员会,macro_finance,宏观规划与财政资源配置,Macro planning and finance,发展和改革,3
国家新闻出版署,public_science_culture,宣传文化与公众科学,Public science and culture,新闻出版,3
重庆市市场监督管理局,law_regulation_security,法规司法与监管安全,"Law, regulation and security",市场监督,2
重庆市国家税务局,macro_finance,宏观规划与财政资源配置,Macro planning and finance,税务,2
重庆市地方税务局,macro_finance,宏观规划与财政资源配置,Macro planning and finance,税务,2
重庆市质量技术监督局,law_regulation_security,法规司法与监管安全,"Law, regulation and security",质量技术监督,2
湖州市南浔区人民政府,sectoral_public_services,行业应用与公共服务,Sectoral public services,民政,2
武义县科学技术局,science_technology,科技创新与科研管理,Science and technology,科学技术,2
浙江省经济和信息化委员会,digital_industry_data,工业信息化与数据治理,"Digital, industry and data",经济和信息化,2
中共温州市委,party_government_general,党政综合与战略协调,Party-government general,中共,2
中共龙港市委员会,party_government_general,党政综合与战略协调,Party-government general,中共,2
丽水市教育局,education_talent,教育与人才培养,Education and talent,教育,2
义乌市人民政府,sectoral_public_services,行业应用与公共服务,Sectoral public services,民政,2
乐清市科学技术局,science_technology,科技创新与科研管理,Science and technology,科学技术,2
台州市教育局,education_talent,教育与人才培养,Education and talent,教育,2
台州市财政局,macro_finance,宏观规划与财政资源配置,Macro planning and finance,财政,2
台州市路桥区人民政府,sectoral_public_services,行业应用与公共服务,Sectoral public services,民政,2
湖州市吴兴区人民政府,sectoral_public_services,行业应用与公共服务,Sectoral public services,民政,2
嘉兴市科学技术局,science_technology,科技创新与科研管理,Science and technology,科学技术,2
天台县人民政府,sectoral_public_services,行业应用与公共服务,Sectoral public services,民政,2
宁波市奉化区人民政府,sectoral_public_services,行业应用与公共服务,Sectoral public services,民政,2
宁波市镇海区教育局,education_talent,教育与人才培养,Education and talent,教育,2
嵊州市人民政府,sectoral_public_services,行业应用与公共服务,Sectoral public services,民政,2
常山县人民政府,sectoral_public_services,行业应用与公共服务,Sectoral public services,民政,2
建德市人民政府,sectoral_public_services,行业应用与公共服务,Sectoral public services,民政,2
杭州市临平区人民政府,sectoral_public_services,行业应用与公共服务,Sectoral public services,民政,2
杭州市滨江区人民政府,sectoral_public_services,行业应用与公共服务,Sectoral public services,民政,2
杭州市科学技术委员会,science_technology,科技创新与科研管理,Science and technology,科学技术,2
杭州市萧山区人民政府,sectoral_public_services,行业应用与公共服务,Sectoral public services,民政,2
杭州市西湖区人民政府,sectoral_public_services,行业应用与公共服务,Sectoral public services,民政,2
桐乡市人民政府,sectoral_public_services,行业应用与公共服务,Sectoral public services,民政,2
桐乡市财政局,macro_finance,宏观规划与财政资源配置,Macro planning and finance,财政,2
泰顺县人民政府,sectoral_public_services,行业应用与公共服务,Sectoral public services,民政,2
浙江省卫生健康委员会,sectoral_public_services,行业应用与公共服务,Sectoral public services,卫生健康,2
浙江省粮食和物资储备局,sectoral_public_services,行业应用与公共服务,Sectoral public services,粮食,2
浙江省药品监督管理局,sectoral_public_services,行业应用与公共服务,Sectoral public services,药品,2
海宁市人民政府,sectoral_public_services,行业应用与公共服务,Sectoral public services,民政,2
温州市龙湾区人民政府,sectoral_public_services,行业应用与公共服务,Sectoral public services,民政,2
绍兴市大数据发展管理局,digital_industry_data,工业信息化与数据治理,"Digital, industry and data",大数据,2
缙云县人民政府,sectoral_public_services,行业应用与公共服务,Sectoral public services,民政,2
舟山市普陀区人民政府,sectoral_public_services,行业应用与公共服务,Sectoral public services,民政,2
舟山市科学技术局,science_technology,科技创新与科研管理,Science and technology,科学技术,2
遂昌县教育局,education_talent,教育与人才培养,Education and talent,教育,2
德宏傣族景颇族自治州人民政府,sectoral_public_services,行业应用与公共服务,Sectoral public services,民政,2
中共云南省委宣传部,public_science_culture,宣传文化与公众科学,Public science and culture,宣传,2
中共云南省委网络安全和信息化委员会办公室,digital_industry_data,工业信息化与数据治理,"Digital, industry and data",信息化,2
云南省生态环境厅,sectoral_public_services,行业应用与公共服务,Sectoral public services,生态环境,2
云南省林业和草原局,sectoral_public_services,行业应用与公共服务,Sectoral public services,林业,2
云南省住房和城乡建设厅,sectoral_public_services,行业应用与公共服务,Sectoral public services,住房,2
昭通市人民政府,sectoral_public_services,行业应用与公共服务,Sectoral public services,民政,2
伊犁哈萨克自治州人民政府,sectoral_public_services,行业应用与公共服务,Sectoral public services,民政,2
克拉玛依市人民政府,sectoral_public_services,行业应用与公共服务,Sectoral public services,民政,2
吐鲁番市人民政府,sectoral_public_services,行业应用与公共服务,Sectoral public services,民政,2
新疆维吾尔自治区人大(含常委会),law_regulation_security,法规司法与监管安全,"Law, regulation and security",人大,2
新疆维吾尔自治区人力资源和社会保障厅,education_talent,教育与人才培养,Education and talent,人力资源,2
昌吉回族自治州人民政府,sectoral_public_services,行业应用与公共服务,Sectoral public services,民政,2
西藏自治区教育厅,education_talent,教育与人才培养,Education and talent,教育,2
中共天津市委,party_government_general,党政综合与战略协调,Party-government general,中共,2
天津市卫生和计划生育委员会(原天津市卫生局),sectoral_public_services,行业应用与公共服务,Sectoral public services,卫生,2
天津市卫生健康委员会,sectoral_public_services,行业应用与公共服务,Sectoral public services,卫生健康,2
天津市人民政府政务服务办公室,digital_industry_data,工业信息化与数据治理,"Digital, industry and data",政务服务,2
天津市公安局,law_regulation_security,法规司法与监管安全,"Law, regulation and security",公安,2
中共天津市委组织部,party_government_general,党政综合与战略协调,Party-government general,中共,2
天津市滨海新区人民政府,sectoral_public_services,行业应用与公共服务,Sectoral public services,民政,2
天津市静海区人民政府,sectoral_public_services,行业应用与公共服务,Sectoral public services,民政,2
四川省文化和旅游厅,public_science_culture,宣传文化与公众科学,Public science and culture,文化,2
重庆市文化和旅游发展委员会,public_science_culture,宣传文化与公众科学,Public science and culture,文化,2
中共四川省委教育工委,education_talent,教育与人才培养,Education and talent,教育,2
中共遂宁市委员会,party_government_general,党政综合与战略协调,Party-government general,中共,2
四川省农业农村厅,sectoral_public_services,行业应用与公共服务,Sectoral public services,农业,2
四川省中医药管理局,sectoral_public_services,行业应用与公共服务,Sectoral public services,中医药,2
四川省医疗保障局,other_unclear,其他或无法判定,Other or unclear,,2
四川省市场监督管理局,law_regulation_security,法规司法与监管安全,"Law, regulation and security",市场监督,2
国家金融监督管理总局四川监管局,macro_finance,宏观规划与财政资源配置,Macro planning and finance,金融,2
四川省商务厅,sectoral_public_services,行业应用与公共服务,Sectoral public services,商务,2
四川省生态环境厅,sectoral_public_services,行业应用与公共服务,Sectoral public services,生态环境,2
成都海关,law_regulation_security,法规司法与监管安全,"Law, regulation and security",海关,2
四川省大数据中心,digital_industry_data,工业信息化与数据治理,"Digital, industry and data",大数据,2
四川省政府国有资产监督管理委员会,macro_finance,宏观规划与财政资源配置,Macro planning and finance,国有资产,2
崇州市其他机构,other_unclear,其他或无法判定,Other or unclear,,2
成都市人力资源和社会保障局,education_talent,教育与人才培养,Education and talent,人力资源,2
江苏省经济和信息化委员会,digital_industry_data,工业信息化与数据治理,"Digital, industry and data",经济和信息化,2
上海市交通运输和港口管理局,sectoral_public_services,行业应用与公共服务,Sectoral public services,交通,2
上海市公安局,law_regulation_security,法规司法与监管安全,"Law, regulation and security",公安,2
上海市安全生产监督管理局,law_regulation_security,法规司法与监管安全,"Law, regulation and security",安全,2
上海市数据局,digital_industry_data,工业信息化与数据治理,"Digital, industry and data",数据,2
上海市奉贤区人民政府,sectoral_public_services,行业应用与公共服务,Sectoral public services,民政,2
上海市工商行政管理局,law_regulation_security,法规司法与监管安全,"Law, regulation and security",工商行政,2
上海市住房和城乡建设管理委员会,sectoral_public_services,行业应用与公共服务,Sectoral public services,住房,2
上海市民政局,sectoral_public_services,行业应用与公共服务,Sectoral public services,民政,2
上海市科学技术协会,public_science_culture,宣传文化与公众科学,Public science and culture,科学技术协会,2
上海市规划和国土资源管理局,sectoral_public_services,行业应用与公共服务,Sectoral public services,国土资源,2
上海市金山区人民政府,sectoral_public_services,行业应用与公共服务,Sectoral public services,民政,2
中共陕西省委科技工委,science_technology,科技创新与科研管理,Science and technology,科技,2
陕西省西咸新区开发建设管理委员会,other_unclear,其他或无法判定,Other or unclear,,2
西安市财政局,macro_finance,宏观规划与财政资源配置,Macro planning and finance,财政,2
西安市重污染天气应急指挥部办公室,law_regulation_security,法规司法与监管安全,"Law, regulation and security",应急,2
铜川市人民政府,sectoral_public_services,行业应用与公共服务,Sectoral public services,民政,2
陕西省卫生和计划生育委员会(原陕西省卫生厅),sectoral_public_services,行业应用与公共服务,Sectoral public services,卫生,2
陕西省公安厅,law_regulation_security,法规司法与监管安全,"Law, regulation and security",公安,2
陕西省退役军人事务厅,other_unclear,其他或无法判定,Other or unclear,,2
中共陕西省委机构编制委员会办公室,party_government_general,党政综合与战略协调,Party-government general,中共,2
陕西省知识产权局,law_regulation_security,法规司法与监管安全,"Law, regulation and security",知识产权,2
中共山西省委员会,party_government_general,党政综合与战略协调,Party-government general,中共,2
太原市人大(含常委会),law_regulation_security,法规司法与监管安全,"Law, regulation and security",人大,2
山西省全民科学素质工作领导小组办公室,public_science_culture,宣传文化与公众科学,Public science and culture,全民科学素质,2
山西省能源局,sectoral_public_services,行业应用与公共服务,Sectoral public services,能源,2
枣庄市教育局,education_talent,教育与人才培养,Education and talent,教育,2
东营市发展和改革委员会,macro_finance,宏观规划与财政资源配置,Macro planning and finance,发展和改革,2
中共青岛市委宣传部,public_science_culture,宣传文化与公众科学,Public science and culture,宣传,2
青岛市科学技术协会,public_science_culture,宣传文化与公众科学,Public science and culture,科学技术协会,2
威海市财政局,macro_finance,宏观规划与财政资源配置,Macro planning and finance,财政,2
山东省市场监督管理局,law_regulation_security,法规司法与监管安全,"Law, regulation and security",市场监督,2
中共山东省委金融委员会办公室,macro_finance,宏观规划与财政资源配置,Macro planning and finance,金融,2
山东省农业农村厅,sectoral_public_services,行业应用与公共服务,Sectoral public services,农业,2
山东省商务厅,sectoral_public_services,行业应用与公共服务,Sectoral public services,商务,2
山东省自然资源厅,sectoral_public_services,行业应用与公共服务,Sectoral public services,自然资源,2
山东省水利厅,sectoral_public_services,行业应用与公共服务,Sectoral public services,水利,2
山东省科学技术协会,public_science_culture,宣传文化与公众科学,Public science and culture,科学技术协会,2
山东省粮食局,sectoral_public_services,行业应用与公共服务,Sectoral public services,粮食,2
德州市科学技术协会,public_science_culture,宣传文化与公众科学,Public science and culture,科学技术协会,2
青岛市住房和城乡建设局(原青岛市城乡建设委员会),sectoral_public_services,行业应用与公共服务,Sectoral public services,住房,2
中共青岛市委教育工作委员会,education_talent,教育与人才培养,Education and talent,教育,2
海西蒙古族藏族自治州人民政府,sectoral_public_services,行业应用与公共服务,Sectoral public services,民政,2
青海省工业和信息化厅,digital_industry_data,工业信息化与数据治理,"Digital, industry and data",工业和信息化,2
吴忠市人民政府,sectoral_public_services,行业应用与公共服务,Sectoral public services,民政,2
宁夏回族自治区人大(含常委会),law_regulation_security,法规司法与监管安全,"Law, regulation and security",人大,2
宁夏回族自治区卫生健康委员会,sectoral_public_services,行业应用与公共服务,Sectoral public services,卫生健康,2
宁夏回族自治区气象局,sectoral_public_services,行业应用与公共服务,Sectoral public services,气象,2
银川市数据局,digital_industry_data,工业信息化与数据治理,"Digital, industry and data",数据,2
银川市网络信息化局,digital_industry_data,工业信息化与数据治理,"Digital, industry and data",信息化,2
内蒙古自治区卫生和计划生育委员会,sectoral_public_services,行业应用与公共服务,Sectoral public services,卫生,2
内蒙古自治区发展和改革委员会,macro_finance,宏观规划与财政资源配置,Macro planning and finance,发展和改革,2
内蒙古自治区民政厅,sectoral_public_services,行业应用与公共服务,Sectoral public services,民政,2
包头市知识产权局,law_regulation_security,法规司法与监管安全,"Law, regulation and security",知识产权,2
呼和浩特市科学技术局,science_technology,科技创新与科研管理,Science and technology,科学技术,2
中共鞍山市委,party_government_general,党政综合与战略协调,Party-government general,中共,2
大连市财政局,macro_finance,宏观规划与财政资源配置,Macro planning and finance,财政,2
辽宁省公安厅,law_regulation_security,法规司法与监管安全,"Law, regulation and security",公安,2
辽宁省农业农村厅,sectoral_public_services,行业应用与公共服务,Sectoral public services,农业,2
辽宁省科学技术协会,public_science_culture,宣传文化与公众科学,Public science and culture,科学技术协会,2
鞍山市人大(含常委会),law_regulation_security,法规司法与监管安全,"Law, regulation and security",人大,2
南昌市科学技术协会,public_science_culture,宣传文化与公众科学,Public science and culture,科学技术协会,2
景德镇市人民政府,sectoral_public_services,行业应用与公共服务,Sectoral public services,民政,2
江西省交通运输厅,sectoral_public_services,行业应用与公共服务,Sectoral public services,交通,2
江西省农业农村厅,sectoral_public_services,行业应用与公共服务,Sectoral public services,农业,2
江西省医疗保障局,other_unclear,其他或无法判定,Other or unclear,,2
江西省应急管理厅,law_regulation_security,法规司法与监管安全,"Law, regulation and security",应急,2
江西省水利厅,sectoral_public_services,行业应用与公共服务,Sectoral public services,水利,2
江西省生态环境厅,sectoral_public_services,行业应用与公共服务,Sectoral public services,生态环境,2
江西省自然资源厅,sectoral_public_services,行业应用与公共服务,Sectoral public services,自然资源,2
中共宿迁市委员会,party_government_general,党政综合与战略协调,Party-government general,中共,2
中共无锡市委,party_government_general,党政综合与战略协调,Party-government general,中共,2
中共江苏省委宣传部,public_science_culture,宣传文化与公众科学,Public science and culture,宣传,2
徐州市铜山区人民政府,sectoral_public_services,行业应用与公共服务,Sectoral public services,民政,2
扬州市江都区人民政府,sectoral_public_services,行业应用与公共服务,Sectoral public services,民政,2
南京市江北新区管理委员会,other_unclear,其他或无法判定,Other or unclear,,2
南京市浦口区人民政府,sectoral_public_services,行业应用与公共服务,Sectoral public services,民政,2
南通市教育局,education_talent,教育与人才培养,Education and talent,教育,2
南通市通州区人民政府,sectoral_public_services,行业应用与公共服务,Sectoral public services,民政,2
句容市人民政府,sectoral_public_services,行业应用与公共服务,Sectoral public services,民政,2
如皋市人民政府,sectoral_public_services,行业应用与公共服务,Sectoral public services,民政,2
淮安市发展和改革委员会,macro_finance,宏观规划与财政资源配置,Macro planning and finance,发展和改革,2
常州市天宁区人民政府,sectoral_public_services,行业应用与公共服务,Sectoral public services,民政,2
徐州市财政局,macro_finance,宏观规划与财政资源配置,Macro planning and finance,财政,2
徐州市鼓楼区人民政府,sectoral_public_services,行业应用与公共服务,Sectoral public services,民政,2
扬中市人民政府,sectoral_public_services,行业应用与公共服务,Sectoral public services,民政,2
扬州市教育局,education_talent,教育与人才培养,Education and talent,教育,2
新沂市人民政府,sectoral_public_services,行业应用与公共服务,Sectoral public services,民政,2
无锡市交通运输局,sectoral_public_services,行业应用与公共服务,Sectoral public services,交通,2
无锡市大数据管理局,digital_industry_data,工业信息化与数据治理,"Digital, industry and data",大数据,2
江苏省住房和城乡建设厅,sectoral_public_services,行业应用与公共服务,Sectoral public services,住房,2
江苏省总工会,public_science_culture,宣传文化与公众科学,Public science and culture,总工会,2
江苏省地震局,sectoral_public_services,行业应用与公共服务,Sectoral public services,地震,2
江苏省新闻出版版权局,public_science_culture,宣传文化与公众科学,Public science and culture,新闻出版,2
江苏省新型冠状病毒感染的肺炎疫情防控工作领导小组,other_unclear,其他或无法判定,Other or unclear,,2
中共江苏省委网络安全和信息化委员会办公室,digital_industry_data,工业信息化与数据治理,"Digital, industry and data",信息化,2
江苏省民政厅,sectoral_public_services,行业应用与公共服务,Sectoral public services,民政,2
江苏省粮食局,sectoral_public_services,行业应用与公共服务,Sectoral public services,粮食,2
沭阳县人民政府,sectoral_public_services,行业应用与公共服务,Sectoral public services,民政,2
泗洪县人民政府,sectoral_public_services,行业应用与公共服务,Sectoral public services,民政,2
海安市人民政府（原海安县人民政府）,sectoral_public_services,行业应用与公共服务,Sectoral public services,民政,2
淮安市淮安区人民政府,sectoral_public_services,行业应用与公共服务,Sectoral public services,民政,2
无锡市滨湖区人民政府,sectoral_public_services,行业应用与公共服务,Sectoral public services,民政,2
连云港市人力资源和社会保障局,education_talent,教育与人才培养,Education and talent,人力资源,2
连云港市工业和信息化局,digital_industry_data,工业信息化与数据治理,"Digital, industry and data",工业和信息化,2
连云港市财政局,macro_finance,宏观规划与财政资源配置,Macro planning and finance,财政,2
镇江市教育局,education_talent,教育与人才培养,Education and talent,教育,2
吉林省住房和城乡建设厅,sectoral_public_services,行业应用与公共服务,Sectoral public services,住房,2
中共吉林省委网络安全和信息化委员会,digital_industry_data,工业信息化与数据治理,"Digital, industry and data",信息化,2
吉林省交通运输厅,sectoral_public_services,行业应用与公共服务,Sectoral public services,交通,2
吉林省公安厅,law_regulation_security,法规司法与监管安全,"Law, regulation and security",公安,2
吉林省文化和旅游厅,public_science_culture,宣传文化与公众科学,Public science and culture,文化,2
吉林省气象局,sectoral_public_services,行业应用与公共服务,Sectoral public services,气象,2
中国人民银行吉林省分行,macro_finance,宏观规划与财政资源配置,Macro planning and finance,人民银行,2
吉林省应急管理厅,law_regulation_security,法规司法与监管安全,"Law, regulation and security",应急,2
吉林省林业和草原局,sectoral_public_services,行业应用与公共服务,Sectoral public services,林业,2
吉林省生态环境厅,sectoral_public_services,行业应用与公共服务,Sectoral public services,生态环境,2
吉林省畜牧业管理局,other_unclear,其他或无法判定,Other or unclear,,2
吉林省自然资源厅,sectoral_public_services,行业应用与公共服务,Sectoral public services,自然资源,2
松原市人民政府,sectoral_public_services,行业应用与公共服务,Sectoral public services,民政,2
白山市人民政府,sectoral_public_services,行业应用与公共服务,Sectoral public services,民政,2
中共郴州市委,party_government_general,党政综合与战略协调,Party-government general,中共,2
湖南省民政厅,sectoral_public_services,行业应用与公共服务,Sectoral public services,民政,2
湖南省文化和旅游厅,public_science_culture,宣传文化与公众科学,Public science and culture,文化,2
湖南省公安厅,law_regulation_security,法规司法与监管安全,"Law, regulation and security",公安,2
湖南省数据局,digital_industry_data,工业信息化与数据治理,"Digital, industry and data",数据,2
湖南省人大(含常委会),law_regulation_security,法规司法与监管安全,"Law, regulation and security",人大,2
湖南省经济和信息化委员会,digital_industry_data,工业信息化与数据治理,"Digital, industry and data",经济和信息化,2
益阳市人民政府,sectoral_public_services,行业应用与公共服务,Sectoral public services,民政,2
衡阳市人民政府,sectoral_public_services,行业应用与公共服务,Sectoral public services,民政,2
中共湖北省委高等学校工作委员会,education_talent,教育与人才培养,Education and talent,学校,2
武汉市政务服务和大数据管理局,digital_industry_data,工业信息化与数据治理,"Digital, industry and data",大数据,2
武汉市文化局,public_science_culture,宣传文化与公众科学,Public science and culture,文化,2
湖北省民政厅,sectoral_public_services,行业应用与公共服务,Sectoral public services,民政,2
黄石市人民政府,sectoral_public_services,行业应用与公共服务,Sectoral public services,民政,2
双鸭山市教育和体育局,education_talent,教育与人才培养,Education and talent,教育,2
哈尔滨市科学技术局,science_technology,科技创新与科研管理,Science and technology,科学技术,2
大庆市人民政府,sectoral_public_services,行业应用与公共服务,Sectoral public services,民政,2
黑龙江省人民政府国有资产监督管理委员会,macro_finance,宏观规划与财政资源配置,Macro planning and finance,国有资产,2
黑龙江省农业农村厅,sectoral_public_services,行业应用与公共服务,Sectoral public services,农业,2
黑龙江省工业和信息化厅,digital_industry_data,工业信息化与数据治理,"Digital, industry and data",工业和信息化,2
黑龙江省住房和城乡建设厅,sectoral_public_services,行业应用与公共服务,Sectoral public services,住房,2
黑龙江省民政厅,sectoral_public_services,行业应用与公共服务,Sectoral public services,民政,2
黑龙江省药品监督管理局,sectoral_public_services,行业应用与公共服务,Sectoral public services,药品,2
河南省工业和信息化委员会,digital_industry_data,工业信息化与数据治理,"Digital, industry and data",工业和信息化,2
安阳市教育局,education_talent,教育与人才培养,Education and talent,教育,2
平顶山市教育体育局,education_talent,教育与人才培养,Education and talent,教育,2
平顶山市教育局,education_talent,教育与人才培养,Education and talent,教育,2
河南省自然资源厅,sectoral_public_services,行业应用与公共服务,Sectoral public services,自然资源,2
河南省住房和城乡建设厅,sectoral_public_services,行业应用与公共服务,Sectoral public services,住房,2
河南省医疗保障局,other_unclear,其他或无法判定,Other or unclear,,2
河南省商务厅,sectoral_public_services,行业应用与公共服务,Sectoral public services,商务,2
河南省生态环境厅,sectoral_public_services,行业应用与公共服务,Sectoral public services,生态环境,2
河南省公安厅,law_regulation_security,法规司法与监管安全,"Law, regulation and security",公安,2
河南省乡村振兴局,sectoral_public_services,行业应用与公共服务,Sectoral public services,乡村振兴,2
河南省服务业工作领导小组,other_unclear,其他或无法判定,Other or unclear,,2
中共河南省委宣传部,public_science_culture,宣传文化与公众科学,Public science and culture,宣传,2
洛阳市人大(含常委会),law_regulation_security,法规司法与监管安全,"Law, regulation and security",人大,2
郑州市人力资源和社会保障局,education_talent,教育与人才培养,Education and talent,人力资源,2
郑州市教育局,education_talent,教育与人才培养,Education and talent,教育,2
郑州高新区管委会人力资源局,education_talent,教育与人才培养,Education and talent,人力资源,2
保定市教育局,education_talent,教育与人才培养,Education and talent,教育,2
唐山市教育局,education_talent,教育与人才培养,Education and talent,教育,2
中共唐山市委宣传部,public_science_culture,宣传文化与公众科学,Public science and culture,宣传,2
唐山市科学技术协会,public_science_culture,宣传文化与公众科学,Public science and culture,科学技术协会,2
唐山市科学技术局,science_technology,科技创新与科研管理,Science and technology,科学技术,2
河北省数据和政务服务局,digital_industry_data,工业信息化与数据治理,"Digital, industry and data",数据,2
河北省中医药管理局,sectoral_public_services,行业应用与公共服务,Sectoral public services,中医药,2
河北省人力资源和社会保障厅,education_talent,教育与人才培养,Education and talent,人力资源,2
河北省通信管理局,digital_industry_data,工业信息化与数据治理,"Digital, industry and data",通信管理,2
河北省科学院,science_technology,科技创新与科研管理,Science and technology,科学院,2
邯郸市财政局,macro_finance,宏观规划与财政资源配置,Macro planning and finance,财政,2
海口市人大(含常委会),law_regulation_security,法规司法与监管安全,"Law, regulation and security",人大,2
琼海市人民政府,sectoral_public_services,行业应用与公共服务,Sectoral public services,民政,2
贵州省医疗保障局,other_unclear,其他或无法判定,Other or unclear,,2
贵州省大数据发展管理局,digital_industry_data,工业信息化与数据治理,"Digital, industry and data",大数据,2
贵阳市人力资源和社会保障局,education_talent,教育与人才培养,Education and talent,人力资源,2
贵阳市大数据发展管理局,digital_industry_data,工业信息化与数据治理,"Digital, industry and data",大数据,2
贵阳市财政局,macro_finance,宏观规划与财政资源配置,Macro planning and finance,财政,2
凤山县人民政府,sectoral_public_services,行业应用与公共服务,Sectoral public services,民政,2
北海市铁山港区人民政府,sectoral_public_services,行业应用与公共服务,Sectoral public services,民政,2
南宁市良庆区人民政府,sectoral_public_services,行业应用与公共服务,Sectoral public services,民政,2
大化瑶族自治县人民政府,sectoral_public_services,行业应用与公共服务,Sectoral public services,民政,2
天峨县人民政府,sectoral_public_services,行业应用与公共服务,Sectoral public services,民政,2
天等县人民政府,sectoral_public_services,行业应用与公共服务,Sectoral public services,民政,2
宁明县人民政府,sectoral_public_services,行业应用与公共服务,Sectoral public services,民政,2
容县人民政府,sectoral_public_services,行业应用与公共服务,Sectoral public services,民政,2
岑溪市人民政府(原岑溪县人民政府),sectoral_public_services,行业应用与公共服务,Sectoral public services,民政,2
巴马瑶族自治县人民政府,sectoral_public_services,行业应用与公共服务,Sectoral public services,民政,2
中共广西壮族自治区委员会网络安全和信息化委员会办公室,digital_industry_data,工业信息化与数据治理,"Digital, industry and data",信息化,2
广西壮族自治区农业农村厅,sectoral_public_services,行业应用与公共服务,Sectoral public services,农业,2
广西壮族自治区卫生健康委员会,sectoral_public_services,行业应用与公共服务,Sectoral public services,卫生健康,2
广西壮族自治区人大(含常委会),law_regulation_security,法规司法与监管安全,"Law, regulation and security",人大,2
广西壮族自治区自然资源厅,sectoral_public_services,行业应用与公共服务,Sectoral public services,自然资源,2
昭平县人民政府,sectoral_public_services,行业应用与公共服务,Sectoral public services,民政,2
柳城县人民政府,sectoral_public_services,行业应用与公共服务,Sectoral public services,民政,2
浦北县人民政府,sectoral_public_services,行业应用与公共服务,Sectoral public services,民政,2
贵港市港北区人民政府,sectoral_public_services,行业应用与公共服务,Sectoral public services,民政,2
田林县人民政府,sectoral_public_services,行业应用与公共服务,Sectoral public services,民政,2
百色市右江区人民政府,sectoral_public_services,行业应用与公共服务,Sectoral public services,民政,2
藤县人民政府,sectoral_public_services,行业应用与公共服务,Sectoral public services,民政,2
贵港市覃塘区人民政府,sectoral_public_services,行业应用与公共服务,Sectoral public services,民政,2
资源县人民政府,sectoral_public_services,行业应用与公共服务,Sectoral public services,民政,2
钦州市钦南区人民政府,sectoral_public_services,行业应用与公共服务,Sectoral public services,民政,2
柳州市鱼峰区人民政府,sectoral_public_services,行业应用与公共服务,Sectoral public services,民政,2
龙胜各族自治县人民政府,sectoral_public_services,行业应用与公共服务,Sectoral public services,民政,2
中共广州市委,party_government_general,党政综合与战略协调,Party-government general,中共,2
云浮市人民政府,sectoral_public_services,行业应用与公共服务,Sectoral public services,民政,2
佛山市农业局,sectoral_public_services,行业应用与公共服务,Sectoral public services,农业,2
佛山市科学技术局,science_technology,科技创新与科研管理,Science and technology,科学技术,2
佛山市顺德区人民政府,sectoral_public_services,行业应用与公共服务,Sectoral public services,民政,2
佛山市高明区人民政府,sectoral_public_services,行业应用与公共服务,Sectoral public services,民政,2
台山市人民政府,sectoral_public_services,行业应用与公共服务,Sectoral public services,民政,2
广东省交通运输厅,sectoral_public_services,行业应用与公共服务,Sectoral public services,交通,2
广东省应急管理厅,law_regulation_security,法规司法与监管安全,"Law, regulation and security",应急,2
广东省科学院,science_technology,科技创新与科研管理,Science and technology,科学院,2
广东省能源局,sectoral_public_services,行业应用与公共服务,Sectoral public services,能源,2
广东省民政厅,sectoral_public_services,行业应用与公共服务,Sectoral public services,民政,2
中共广东省委宣传部,public_science_culture,宣传文化与公众科学,Public science and culture,宣传,2
广东省自然资源厅,sectoral_public_services,行业应用与公共服务,Sectoral public services,自然资源,2
广东省高级人民法院,law_regulation_security,法规司法与监管安全,"Law, regulation and security",法院,2
广宁县人民政府,sectoral_public_services,行业应用与公共服务,Sectoral public services,民政,2
广州市人民政府国有资产监督管理委员会,macro_finance,宏观规划与财政资源配置,Macro planning and finance,国有资产,2
广州市发展和改革委员会,macro_finance,宏观规划与财政资源配置,Macro planning and finance,发展和改革,2
广州市发展计划委员会,other_unclear,其他或无法判定,Other or unclear,,2
广州市天河区人民政府,sectoral_public_services,行业应用与公共服务,Sectoral public services,民政,2
广州市工业和信息化委员会,digital_industry_data,工业信息化与数据治理,"Digital, industry and data",工业和信息化,2
广州市海珠区人民政府,sectoral_public_services,行业应用与公共服务,Sectoral public services,民政,2
广州市花都区人民政府,sectoral_public_services,行业应用与公共服务,Sectoral public services,民政,2
广州市越秀区人民政府,sectoral_public_services,行业应用与公共服务,Sectoral public services,民政,2
德庆县人民政府,sectoral_public_services,行业应用与公共服务,Sectoral public services,民政,2
惠州市惠城区人民政府,sectoral_public_services,行业应用与公共服务,Sectoral public services,民政,2
惠州市工业和信息化局,digital_industry_data,工业信息化与数据治理,"Digital, industry and data",工业和信息化,2
揭阳市揭东区人民政府,sectoral_public_services,行业应用与公共服务,Sectoral public services,民政,2
普宁市人民政府,sectoral_public_services,行业应用与公共服务,Sectoral public services,民政,2
横琴粤澳深度合作区经济发展局,other_unclear,其他或无法判定,Other or unclear,,2
汕头市濠江区人民政府,sectoral_public_services,行业应用与公共服务,Sectoral public services,民政,2
汕头市龙湖区人民政府,sectoral_public_services,行业应用与公共服务,Sectoral public services,民政,2
江门市江海区人民政府,sectoral_public_services,行业应用与公共服务,Sectoral public services,民政,2
深圳市南山区人民政府,sectoral_public_services,行业应用与公共服务,Sectoral public services,民政,2
深圳市律师协会,other_unclear,其他或无法判定,Other or unclear,,2
深圳市教育局,education_talent,教育与人才培养,Education and talent,教育,2
珠海市工业和信息化局,digital_industry_data,工业信息化与数据治理,"Digital, industry and data",工业和信息化,2
珠海市民政局,sectoral_public_services,行业应用与公共服务,Sectoral public services,民政,2
肇庆市端州区人民政府,sectoral_public_services,行业应用与公共服务,Sectoral public services,民政,2
肇庆市高要区人民政府,sectoral_public_services,行业应用与公共服务,Sectoral public services,民政,2
鹤山市人民政府,sectoral_public_services,行业应用与公共服务,Sectoral public services,民政,2
甘肃省工业和信息化委员会,digital_industry_data,工业信息化与数据治理,"Digital, industry and data",工业和信息化,2
定西市人民政府,sectoral_public_services,行业应用与公共服务,Sectoral public services,民政,2
甘肃省促进中小企业发展工作领导小组,other_unclear,其他或无法判定,Other or unclear,,2
中共甘肃省委宣传部,public_science_culture,宣传文化与公众科学,Public science and culture,宣传,2
甘肃省交通运输厅,sectoral_public_services,行业应用与公共服务,Sectoral public services,交通,2
甘肃省人民政府国有资产监督管理委员会,macro_finance,宏观规划与财政资源配置,Macro planning and finance,国有资产,2
甘肃省住房和城乡建设厅,sectoral_public_services,行业应用与公共服务,Sectoral public services,住房,2
甘肃省农业农村厅,sectoral_public_services,行业应用与公共服务,Sectoral public services,农业,2
甘肃省科学技术协会,public_science_culture,宣传文化与公众科学,Public science and culture,科学技术协会,2
酒泉市人民政府,sectoral_public_services,行业应用与公共服务,Sectoral public services,民政,2
三明市科学技术局,science_technology,科技创新与科研管理,Science and technology,科学技术,2
中共福州市委员会,party_government_general,党政综合与战略协调,Party-government general,中共,2
厦门市人大(含常委会),law_regulation_security,法规司法与监管安全,"Law, regulation and security",人大,2
福州市农业农村局,sectoral_public_services,行业应用与公共服务,Sectoral public services,农业,2
福州市发展和改革委员会,macro_finance,宏观规划与财政资源配置,Macro planning and finance,发展和改革,2
福州市工业和信息化局,digital_industry_data,工业信息化与数据治理,"Digital, industry and data",工业和信息化,2
福州市生态环境局,sectoral_public_services,行业应用与公共服务,Sectoral public services,生态环境,2
福州市财政局,macro_finance,宏观规划与财政资源配置,Macro planning and finance,财政,2
福建省住房和城乡建设厅,sectoral_public_services,行业应用与公共服务,Sectoral public services,住房,2
福建省工商行政管理局,law_regulation_security,法规司法与监管安全,"Law, regulation and security",工商行政,2
福建省经济和信息化委员会,digital_industry_data,工业信息化与数据治理,"Digital, industry and data",经济和信息化,2
福建省广播电视局,public_science_culture,宣传文化与公众科学,Public science and culture,广播电视,2
福建省文化和旅游厅,public_science_culture,宣传文化与公众科学,Public science and culture,文化,2
福建省民政厅,sectoral_public_services,行业应用与公共服务,Sectoral public services,民政,2
福建省数字福建建设领导小组,digital_industry_data,工业信息化与数据治理,"Digital, industry and data",数字,2
福建省数据管理局,digital_industry_data,工业信息化与数据治理,"Digital, industry and data",数据,2
福建省终身教育促进委员会,education_talent,教育与人才培养,Education and talent,教育,2
中共北京市委教育工作委员会,education_talent,教育与人才培养,Education and talent,教育,2
北京市人民政府教育督导室,education_talent,教育与人才培养,Education and talent,教育,2
北京互联网法院,law_regulation_security,法规司法与监管安全,"Law, regulation and security",法院,2
北京市中医管理局,other_unclear,其他或无法判定,Other or unclear,,2
北京市密云区人民政府（原密云县人民政府）,sectoral_public_services,行业应用与公共服务,Sectoral public services,民政,2
北京市密云区教育委员会,education_talent,教育与人才培养,Education and talent,教育,2
北京市怀柔区人民政府,sectoral_public_services,行业应用与公共服务,Sectoral public services,民政,2
北京市自然科学基金委员会,science_technology,科技创新与科研管理,Science and technology,自然科学基金,2
北京市西城区人民政府,sectoral_public_services,行业应用与公共服务,Sectoral public services,民政,2
北京经济技术开发区社会事业局,other_unclear,其他或无法判定,Other or unclear,,2
合肥市市场监督管理局,law_regulation_security,法规司法与监管安全,"Law, regulation and security",市场监督,2
合肥市数据资源局,digital_industry_data,工业信息化与数据治理,"Digital, industry and data",数据,2
安徽省人民政府国有资产监督管理委员会,macro_finance,宏观规划与财政资源配置,Macro planning and finance,国有资产,2
安徽省交通运输厅,sectoral_public_services,行业应用与公共服务,Sectoral public services,交通,2
安徽省总工会,public_science_culture,宣传文化与公众科学,Public science and culture,总工会,2
池州市人民政府,sectoral_public_services,行业应用与公共服务,Sectoral public services,民政,2
淮南市科学技术局,science_technology,科技创新与科研管理,Science and technology,科学技术,2
中华全国工商业联合会,other_unclear,其他或无法判定,Other or unclear,,2
中央精神文明建设指导委员会,public_science_culture,宣传文化与公众科学,Public science and culture,文明建设,2
交通银行,sectoral_public_services,行业应用与公共服务,Sectoral public services,交通,2
全国少工委,other_unclear,其他或无法判定,Other or unclear,,2
国务院教育督导委员会办公室,education_talent,教育与人才培养,Education and talent,教育,2
中国保险监督管理委员会(已撤销),other_unclear,其他或无法判定,Other or unclear,,2
中国铁路总公司,other_unclear,其他或无法判定,Other or unclear,,2
国家人口和计划生育委员会(含国家计划生育委员会)(已撤销),other_unclear,其他或无法判定,Other or unclear,,2
国家新闻出版广电总局(已撤销),public_science_culture,宣传文化与公众科学,Public science and culture,新闻出版,2
国家旅游局(已撤销),public_science_culture,宣传文化与公众科学,Public science and culture,旅游,2
国家烟草专卖局,other_unclear,其他或无法判定,Other or unclear,,2
国家广播电影电视总局(已撤销),other_unclear,其他或无法判定,Other or unclear,,2
国务院扶贫办,party_government_general,党政综合与战略协调,Party-government general,国务院,2
国防科学技术工业委员会(已撤销),science_technology,科技创新与科研管理,Science and technology,科学技术,2
外交部,other_unclear,其他或无法判定,Other or unclear,,2
中央军委后勤保障部,other_unclear,其他或无法判定,Other or unclear,,2
中共重庆市委宣传部,public_science_culture,宣传文化与公众科学,Public science and culture,宣传,2
重庆市精神文明建设委员会办公室,public_science_culture,宣传文化与公众科学,Public science and culture,文明建设,2
重庆市国有资产监督管理委员会,macro_finance,宏观规划与财政资源配置,Macro planning and finance,国有资产,2
湖州市发展和改革委员会,macro_finance,宏观规划与财政资源配置,Macro planning and finance,发展和改革,2
绍兴市柯桥区人民政府,sectoral_public_services,行业应用与公共服务,Sectoral public services,民政,2
舟山市定海区人民政府,sectoral_public_services,行业应用与公共服务,Sectoral public services,民政,2
金华市科学技术局,science_technology,科技创新与科研管理,Science and technology,科学技术,2
中共新疆生产建设兵团委员会,party_government_general,党政综合与战略协调,Party-government general,中共,2
哈密地区行政公署,other_unclear,其他或无法判定,Other or unclear,,2
新疆生产建设兵团党委办公厅,party_government_general,党政综合与战略协调,Party-government general,党委,2
天津市药品监督管理局,sectoral_public_services,行业应用与公共服务,Sectoral public services,药品,2
天津市武清区人民政府,sectoral_public_services,行业应用与公共服务,Sectoral public services,民政,2
资阳市人民政府,sectoral_public_services,行业应用与公共服务,Sectoral public services,民政,2
共青团上海市委员会,party_government_general,党政综合与战略协调,Party-government general,市委,2
上海市绿化和市容管理局,other_unclear,其他或无法判定,Other or unclear,,2
西安市发展和改革委员会,macro_finance,宏观规划与财政资源配置,Macro planning and finance,发展和改革,2
山西省国防科工局,other_unclear,其他或无法判定,Other or unclear,,2
太原市教育局,education_talent,教育与人才培养,Education and talent,教育,2
山西省人民政府教育督导委员会办公室,education_talent,教育与人才培养,Education and talent,教育,2
政协大同市委员会,party_government_general,党政综合与战略协调,Party-government general,市委,2
山东省国土资源厅,sectoral_public_services,行业应用与公共服务,Sectoral public services,国土资源,2
山东省学位委员会,education_talent,教育与人才培养,Education and talent,学位,2
山东省审计厅,macro_finance,宏观规划与财政资源配置,Macro planning and finance,审计,2
青岛市农业农村局,sectoral_public_services,行业应用与公共服务,Sectoral public services,农业,2
青岛市工业和信息化局,digital_industry_data,工业信息化与数据治理,"Digital, industry and data",工业和信息化,2
中共宁夏区委宣传部,public_science_culture,宣传文化与公众科学,Public science and culture,宣传,2
银川市科技局,science_technology,科技创新与科研管理,Science and technology,科技,2
锡林郭勒盟行政公署,other_unclear,其他或无法判定,Other or unclear,,2
沈阳市工业和信息化局(原沈阳市经济和信息化委员会),digital_industry_data,工业信息化与数据治理,"Digital, industry and data",工业和信息化,2
无锡市教育局,education_talent,教育与人才培养,Education and talent,教育,2
宿迁市宿豫区人民政府,sectoral_public_services,行业应用与公共服务,Sectoral public services,民政,2
徐州市教育局,education_talent,教育与人才培养,Education and talent,教育,2
无锡市惠山区人民政府,sectoral_public_services,行业应用与公共服务,Sectoral public services,民政,2
江苏省文化厅,public_science_culture,宣传文化与公众科学,Public science and culture,文化,2
淮安市科学技术局,science_technology,科技创新与科研管理,Science and technology,科学技术,2
吉林省民政厅,sectoral_public_services,行业应用与公共服务,Sectoral public services,民政,2
怀化市人民政府,sectoral_public_services,行业应用与公共服务,Sectoral public services,民政,2
五峰土家族自治县人民政府,sectoral_public_services,行业应用与公共服务,Sectoral public services,民政,2
武汉市农业委员会,sectoral_public_services,行业应用与公共服务,Sectoral public services,农业,2
湖北省环境工程高级职务评审委员会办公室,other_unclear,其他或无法判定,Other or unclear,,2
荆州市人民政府,sectoral_public_services,行业应用与公共服务,Sectoral public services,民政,2
随州市人民政府,sectoral_public_services,行业应用与公共服务,Sectoral public services,民政,2
中共大庆市委员会,party_government_general,党政综合与战略协调,Party-government general,中共,2
大兴安岭地区行政公署,other_unclear,其他或无法判定,Other or unclear,,2
牡丹江市科学技术局,science_technology,科技创新与科研管理,Science and technology,科学技术,2
齐齐哈尔市人力资源和社会保障局,education_talent,教育与人才培养,Education and talent,人力资源,2
郑州市工业和信息化局,digital_industry_data,工业信息化与数据治理,"Digital, industry and data",工业和信息化,2
中共河北省委宣传部,public_science_culture,宣传文化与公众科学,Public science and culture,宣传,2
石家庄市教育局,education_talent,教育与人才培养,Education and talent,教育,2
海南省卫生健康委员会,sectoral_public_services,行业应用与公共服务,Sectoral public services,卫生健康,2
中共贵阳市委,party_government_general,党政综合与战略协调,Party-government general,中共,2
容县教育局,education_talent,教育与人才培养,Education and talent,教育,2
平果市人民政府,sectoral_public_services,行业应用与公共服务,Sectoral public services,民政,2
灵山县人民政府,sectoral_public_services,行业应用与公共服务,Sectoral public services,民政,2
中山市科学技术局,science_technology,科技创新与科研管理,Science and technology,科学技术,2
佛山市南海区人民政府,sectoral_public_services,行业应用与公共服务,Sectoral public services,民政,2
惠州市科技局,science_technology,科技创新与科研管理,Science and technology,科技,2
广东省卫生和计划生育委员会,sectoral_public_services,行业应用与公共服务,Sectoral public services,卫生,2
惠州市教育局,education_talent,教育与人才培养,Education and talent,教育,2
甘南藏族自治州人民政府,sectoral_public_services,行业应用与公共服务,Sectoral public services,民政,2
北京市住房和城乡建设委员会,sectoral_public_services,行业应用与公共服务,Sectoral public services,住房,2
北京市民政局,sectoral_public_services,行业应用与公共服务,Sectoral public services,民政,2
北京市经济和信息化委员会,digital_industry_data,工业信息化与数据治理,"Digital, industry and data",经济和信息化,2
宣城市教育体育局,education_talent,教育与人才培养,Education and talent,教育,2
中国网络空间安全协会,law_regulation_security,法规司法与监管安全,"Law, regulation and security",安全,2
司法部,law_regulation_security,法规司法与监管安全,"Law, regulation and security",司法,2
国家档案局,other_unclear,其他或无法判定,Other or unclear,,2
新闻出版总署(原新闻出版署)(已撤销),public_science_culture,宣传文化与公众科学,Public science and culture,新闻出版,2
中共重庆市委教育工委,education_talent,教育与人才培养,Education and talent,教育,1
国家税务总局重庆市税务局,macro_finance,宏观规划与财政资源配置,Macro planning and finance,税务,1
重庆市住房和城乡建设委员会,sectoral_public_services,行业应用与公共服务,Sectoral public services,住房,1
重庆市公安局,law_regulation_security,法规司法与监管安全,"Law, regulation and security",公安,1
重庆市地方金融监督管理局,macro_finance,宏观规划与财政资源配置,Macro planning and finance,金融,1
中国银行业监督管理委员会重庆监管局,other_unclear,其他或无法判定,Other or unclear,,1
石柱土家族自治县人民政府,sectoral_public_services,行业应用与公共服务,Sectoral public services,民政,1
重庆市万盛经开区管委会,other_unclear,其他或无法判定,Other or unclear,,1
重庆市全民科学素质纲要实施工作办公室,public_science_culture,宣传文化与公众科学,Public science and culture,全民科学素质,1
重庆市国土资源和房屋管理局,sectoral_public_services,行业应用与公共服务,Sectoral public services,国土资源,1
重庆市司法局,law_regulation_security,法规司法与监管安全,"Law, regulation and security",司法,1
中共重庆市委组织部,party_government_general,党政综合与战略协调,Party-government general,中共,1
重庆市科技资源开放共享管理委员会,science_technology,科技创新与科研管理,Science and technology,科技,1
重庆高新区科技创新局,science_technology,科技创新与科研管理,Science and technology,科技,1
三门县人民政府,sectoral_public_services,行业应用与公共服务,Sectoral public services,民政,1
杭州市上城区人民政府,sectoral_public_services,行业应用与公共服务,Sectoral public services,民政,1
中共岱山县委员会,party_government_general,党政综合与战略协调,Party-government general,中共,1
岱山县人民政府,sectoral_public_services,行业应用与公共服务,Sectoral public services,民政,1
中共浙江省委教育工委,education_talent,教育与人才培养,Education and talent,教育,1
浙江省中小企业局,other_unclear,其他或无法判定,Other or unclear,,1
浙江省人民政府金融工作办公室,macro_finance,宏观规划与财政资源配置,Macro planning and finance,金融,1
浙江省质量技术监督局,law_regulation_security,法规司法与监管安全,"Law, regulation and security",质量技术监督,1
中共湖州市委,party_government_general,党政综合与战略协调,Party-government general,中共,1
中共绍兴市委,party_government_general,党政综合与战略协调,Party-government general,中共,1
丽水市大数据发展管理局,digital_industry_data,工业信息化与数据治理,"Digital, industry and data",大数据,1
乐清市财政局,macro_finance,宏观规划与财政资源配置,Macro planning and finance,财政,1
兰溪市财政局,macro_finance,宏观规划与财政资源配置,Macro planning and finance,财政,1
台州市发展和改革委员会,macro_finance,宏观规划与财政资源配置,Macro planning and finance,发展和改革,1
嘉兴市财政局,macro_finance,宏观规划与财政资源配置,Macro planning and finance,财政,1
嘉善县科学技术局,science_technology,科技创新与科研管理,Science and technology,科学技术,1
宁波市保税区管委会,other_unclear,其他或无法判定,Other or unclear,,1
宁波市人大(含常委会),law_regulation_security,法规司法与监管安全,"Law, regulation and security",人大,1
宁波市互联网信息办公室,digital_industry_data,工业信息化与数据治理,"Digital, industry and data",网信,1
宁波市大数据发展管理局,digital_industry_data,工业信息化与数据治理,"Digital, industry and data",大数据,1
宁波市奉化区科学技术局,science_technology,科技创新与科研管理,Science and technology,科学技术,1
宁波市奉化区财政局,macro_finance,宏观规划与财政资源配置,Macro planning and finance,财政,1
宁波市对口支援和区域合作局,other_unclear,其他或无法判定,Other or unclear,,1
宁波市律师协会,other_unclear,其他或无法判定,Other or unclear,,1
宁波市数据局,digital_industry_data,工业信息化与数据治理,"Digital, industry and data",数据,1
宁波市海曙区人力资源和社会保障局,education_talent,教育与人才培养,Education and talent,人力资源,1
宁波市发展和改革委员会,macro_finance,宏观规划与财政资源配置,Macro planning and finance,发展和改革,1
岱山县科学技术局,science_technology,科技创新与科研管理,Science and technology,科学技术,1
嵊泗县财政局,macro_finance,宏观规划与财政资源配置,Macro planning and finance,财政,1
庆元县教育局,education_talent,教育与人才培养,Education and talent,教育,1
开化县人民政府,sectoral_public_services,行业应用与公共服务,Sectoral public services,民政,1
文成县科学技术局,science_technology,科技创新与科研管理,Science and technology,科学技术,1
浙江省,other_unclear,其他或无法判定,Other or unclear,,1
杭州市上城区民政局,sectoral_public_services,行业应用与公共服务,Sectoral public services,民政,1
杭州市临安区科学技术局,science_technology,科技创新与科研管理,Science and technology,科学技术,1
杭州市卫生健康委员会,sectoral_public_services,行业应用与公共服务,Sectoral public services,卫生健康,1
杭州市富阳区经济和信息化局,digital_industry_data,工业信息化与数据治理,"Digital, industry and data",经济和信息化,1
杭州市拱墅区人民政府,sectoral_public_services,行业应用与公共服务,Sectoral public services,民政,1
杭州市经济和信息化委员会,digital_industry_data,工业信息化与数据治理,"Digital, industry and data",经济和信息化,1
杭州市数字经济局,digital_industry_data,工业信息化与数据治理,"Digital, industry and data",数字,1
杭州高新技术产业开发区管理委员会,science_technology,科技创新与科研管理,Science and technology,高新技术产业开发区,1
桐乡市科学技术局,science_technology,科技创新与科研管理,Science and technology,科学技术,1
桐乡市教育局,education_talent,教育与人才培养,Education and talent,教育,1
桐庐县科学技术局,science_technology,科技创新与科研管理,Science and technology,科学技术,1
桐庐县财政局,macro_finance,宏观规划与财政资源配置,Macro planning and finance,财政,1
浙江省地震局,sectoral_public_services,行业应用与公共服务,Sectoral public services,地震,1
浙江省体育局,sectoral_public_services,行业应用与公共服务,Sectoral public services,体育,1
浙江省文化厅,public_science_culture,宣传文化与公众科学,Public science and culture,文化,1
浙江省文明办,public_science_culture,宣传文化与公众科学,Public science and culture,文明办,1
浙江省教育厅新型冠状病毒感染的肺炎疫情防控工作领导小组,education_talent,教育与人才培养,Education and talent,教育,1
浙江省生态环境厅,sectoral_public_services,行业应用与公共服务,Sectoral public services,生态环境,1
浙江省农业厅,sectoral_public_services,行业应用与公共服务,Sectoral public services,农业,1
浙江省林业厅,sectoral_public_services,行业应用与公共服务,Sectoral public services,林业,1
浙江省海洋与渔业局,sectoral_public_services,行业应用与公共服务,Sectoral public services,海洋,1
中共浙江省委人才工作领导小组办公室,education_talent,教育与人才培养,Education and talent,人才,1
中共浙江省委金融委员会办公室,macro_finance,宏观规划与财政资源配置,Macro planning and finance,金融,1
浙江省数据局,digital_industry_data,工业信息化与数据治理,"Digital, industry and data",数据,1
浙江省能源局,sectoral_public_services,行业应用与公共服务,Sectoral public services,能源,1
杭州海关,law_regulation_security,法规司法与监管安全,"Law, regulation and security",海关,1
浙江省科技领导小组,science_technology,科技创新与科研管理,Science and technology,科技,1
中国人民银行杭州中心支行,macro_finance,宏观规划与财政资源配置,Macro planning and finance,人民银行,1
浙江省道路运输管理局,other_unclear,其他或无法判定,Other or unclear,,1
海宁市农业农村局,sectoral_public_services,行业应用与公共服务,Sectoral public services,农业,1
温州市瓯海区人民政府,sectoral_public_services,行业应用与公共服务,Sectoral public services,民政,1
温州市鹿城区科学技术局,science_technology,科技创新与科研管理,Science and technology,科学技术,1
温州市龙湾区科学技术局,science_technology,科技创新与科研管理,Science and technology,科学技术,1
温州高新技术产业开发区管委会,science_technology,科技创新与科研管理,Science and technology,高新技术产业开发区,1
湖州市吴兴区科学技术局,science_technology,科技创新与科研管理,Science and technology,科学技术,1
共青团绍兴市委,party_government_general,党政综合与战略协调,Party-government general,市委,1
绍兴市人力资源和社会保障局,education_talent,教育与人才培养,Education and talent,人力资源,1
绍兴市总工会,public_science_culture,宣传文化与公众科学,Public science and culture,总工会,1
绍兴市数据局,digital_industry_data,工业信息化与数据治理,"Digital, industry and data",数据,1
绍兴市科学技术局,science_technology,科技创新与科研管理,Science and technology,科学技术,1
绍兴市财政局,macro_finance,宏观规划与财政资源配置,Macro planning and finance,财政,1
绍兴市越城区教育局,education_talent,教育与人才培养,Education and talent,教育,1
缙云县农业农村局,sectoral_public_services,行业应用与公共服务,Sectoral public services,农业,1
舟山市发展和改革委员会,macro_finance,宏观规划与财政资源配置,Macro planning and finance,发展和改革,1
舟山市教育局,education_talent,教育与人才培养,Education and talent,教育,1
舟山市定海区科学技术局,science_technology,科技创新与科研管理,Science and technology,科学技术,1
舟山市定海区财政局,macro_finance,宏观规划与财政资源配置,Macro planning and finance,财政,1
衢州市公安局,law_regulation_security,法规司法与监管安全,"Law, regulation and security",公安,1
衢州市科学技术局,science_technology,科技创新与科研管理,Science and technology,科学技术,1
衢州市营商环境建设办公室,other_unclear,其他或无法判定,Other or unclear,,1
诸暨市科学技术局,science_technology,科技创新与科研管理,Science and technology,科学技术,1
台州市路桥区财政局,macro_finance,宏观规划与财政资源配置,Macro planning and finance,财政,1
遂昌县科学技术局,science_technology,科技创新与科研管理,Science and technology,科学技术,1
金华市金东区教育局,education_talent,教育与人才培养,Education and talent,教育,1
杭州市钱塘区农业农村局,sectoral_public_services,行业应用与公共服务,Sectoral public services,农业,1
杭州市钱塘区人民政府,sectoral_public_services,行业应用与公共服务,Sectoral public services,民政,1
青田县人民政府,sectoral_public_services,行业应用与公共服务,Sectoral public services,民政,1
龙泉市财政局,macro_finance,宏观规划与财政资源配置,Macro planning and finance,财政,1
龙港市经济发展局,other_unclear,其他或无法判定,Other or unclear,,1
龙港市财政局,macro_finance,宏观规划与财政资源配置,Macro planning and finance,财政,1
中共德宏州委,party_government_general,党政综合与战略协调,Party-government general,中共,1
中共普洱市委员会,party_government_general,党政综合与战略协调,Party-government general,中共,1
中共迪庆州委,party_government_general,党政综合与战略协调,Party-government general,中共,1
中国科学院昆明分院,science_technology,科技创新与科研管理,Science and technology,科学院,1
云南省妇女联合会,public_science_culture,宣传文化与公众科学,Public science and culture,妇女联合会,1
云南省文明办,public_science_culture,宣传文化与公众科学,Public science and culture,文明办,1
共青团云南省委,party_government_general,党政综合与战略协调,Party-government general,省委,1
少先队云南省工作委员会,other_unclear,其他或无法判定,Other or unclear,,1
中共云南省委政法委员会,party_government_general,党政综合与战略协调,Party-government general,中共,1
云南省公安厅,law_regulation_security,法规司法与监管安全,"Law, regulation and security",公安,1
云南省民政厅,sectoral_public_services,行业应用与公共服务,Sectoral public services,民政,1
云南省统计局,macro_finance,宏观规划与财政资源配置,Macro planning and finance,统计,1
云南省安全生产委员会,law_regulation_security,法规司法与监管安全,"Law, regulation and security",安全,1
云南省自然灾害应急管理委员会,law_regulation_security,法规司法与监管安全,"Law, regulation and security",应急,1
云南省药品监督管理局,sectoral_public_services,行业应用与公共服务,Sectoral public services,药品,1
昆明市发展和改革委员会,macro_finance,宏观规划与财政资源配置,Macro planning and finance,发展和改革,1
昆明市工业和信息化局,digital_industry_data,工业信息化与数据治理,"Digital, industry and data",工业和信息化,1
乌鲁木齐市人力资源和社会保障局,education_talent,教育与人才培养,Education and talent,人力资源,1
新疆生产建设兵团科学技术局,science_technology,科技创新与科研管理,Science and technology,科学技术,1
新疆生产建设兵团财政局,macro_finance,宏观规划与财政资源配置,Macro planning and finance,财政,1
新疆维吾尔自治区国有资产监督管理委员会,macro_finance,宏观规划与财政资源配置,Macro planning and finance,国有资产,1
新疆维吾尔自治区农业厅,sectoral_public_services,行业应用与公共服务,Sectoral public services,农业,1
新疆维吾尔自治区食品药品监督管理局,sectoral_public_services,行业应用与公共服务,Sectoral public services,药品,1
中共拉萨市委员会,party_government_general,党政综合与战略协调,Party-government general,中共,1
西藏自治区发展和改革委员会,macro_finance,宏观规划与财政资源配置,Macro planning and finance,发展和改革,1
西藏自治区财政厅,macro_finance,宏观规划与财政资源配置,Macro planning and finance,财政,1
中共西藏自治区委员会人才工作领导小组,education_talent,教育与人才培养,Education and talent,人才,1
天津市商务委员会,sectoral_public_services,行业应用与公共服务,Sectoral public services,商务,1
天津市住房和城乡建设委员会(原天津市住房和城乡建设局),sectoral_public_services,行业应用与公共服务,Sectoral public services,住房,1
天津市政务服务办,digital_industry_data,工业信息化与数据治理,"Digital, industry and data",政务服务,1
中共天津市委宣传部,public_science_culture,宣传文化与公众科学,Public science and culture,宣传,1
中共天津市委机构编制委员会办公室,party_government_general,党政综合与战略协调,Party-government general,中共,1
天津市地方金融监督管理局,macro_finance,宏观规划与财政资源配置,Macro planning and finance,金融,1
天津市数据局,digital_industry_data,工业信息化与数据治理,"Digital, industry and data",数据,1
天津市民政局,sectoral_public_services,行业应用与公共服务,Sectoral public services,民政,1
天津市文化和旅游局,public_science_culture,宣传文化与公众科学,Public science and culture,文化,1
中共甘孜州委,party_government_general,党政综合与战略协调,Party-government general,中共,1
中共自贡市委员会,party_government_general,党政综合与战略协调,Party-government general,中共,1
四川省人大城乡建设环境资源保护委员会,sectoral_public_services,行业应用与公共服务,Sectoral public services,城乡建设,1
四川省人民政府法制办公室,sectoral_public_services,行业应用与公共服务,Sectoral public services,民政,1
四川省测绘地理信息局,sectoral_public_services,行业应用与公共服务,Sectoral public services,测绘,1
中共四川省委军民融合发展委员会,party_government_general,党政综合与战略协调,Party-government general,中共,1
四川省疾病预防控制局,other_unclear,其他或无法判定,Other or unclear,,1
四川省经济合作局,other_unclear,其他或无法判定,Other or unclear,,1
四川省药品监督管理局,sectoral_public_services,行业应用与公共服务,Sectoral public services,药品,1
中国人民银行四川省分行,macro_finance,宏观规划与财政资源配置,Macro planning and finance,人民银行,1
四川省交通运输厅,sectoral_public_services,行业应用与公共服务,Sectoral public services,交通,1
四川省住房和城乡建设厅,sectoral_public_services,行业应用与公共服务,Sectoral public services,住房,1
四川省应急管理厅,law_regulation_security,法规司法与监管安全,"Law, regulation and security",应急,1
四川省气象局,sectoral_public_services,行业应用与公共服务,Sectoral public services,气象,1
中共四川省委网信办,digital_industry_data,工业信息化与数据治理,"Digital, industry and data",网信,1
四川省民政厅,sectoral_public_services,行业应用与公共服务,Sectoral public services,民政,1
中共四川省委宣传部,public_science_culture,宣传文化与公众科学,Public science and culture,宣传,1
四川省新闻出版局,public_science_culture,宣传文化与公众科学,Public science and culture,新闻出版,1
四川省社会科学界联合会,other_unclear,其他或无法判定,Other or unclear,,1
四川省统计局,macro_finance,宏观规划与财政资源配置,Macro planning and finance,统计,1
国家税务总局四川省税务局,macro_finance,宏观规划与财政资源配置,Macro planning and finance,税务,1
四川省领导联系指导软件与信息服务业机制办公室,other_unclear,其他或无法判定,Other or unclear,,1
彭州市其他机构,other_unclear,其他或无法判定,Other or unclear,,1
成都市交通运输局,sectoral_public_services,行业应用与公共服务,Sectoral public services,交通,1
中共成都市委网信办,digital_industry_data,工业信息化与数据治理,"Digital, industry and data",网信,1
成都市城市运行和政务服务管理办公室,digital_industry_data,工业信息化与数据治理,"Digital, industry and data",政务服务,1
成都市农业委员会,sectoral_public_services,行业应用与公共服务,Sectoral public services,农业,1
成都市新都区人民政府,sectoral_public_services,行业应用与公共服务,Sectoral public services,民政,1
成都市档案局,other_unclear,其他或无法判定,Other or unclear,,1
成都市郫都区人民政府,sectoral_public_services,行业应用与公共服务,Sectoral public services,民政,1
成都市金牛区人民政府,sectoral_public_services,行业应用与公共服务,Sectoral public services,民政,1
邛崃市其他机构,other_unclear,其他或无法判定,Other or unclear,,1
金堂县其他机构,other_unclear,其他或无法判定,Other or unclear,,1
上海市交通委员会,sectoral_public_services,行业应用与公共服务,Sectoral public services,交通,1
上海市信息化委员会,digital_industry_data,工业信息化与数据治理,"Digital, industry and data",信息化,1
上海市人才工作局,education_talent,教育与人才培养,Education and talent,人才,1
上海市医疗保障局,other_unclear,其他或无法判定,Other or unclear,,1
上海市药品监督管理局,sectoral_public_services,行业应用与公共服务,Sectoral public services,药品,1
中共上海市委金融委员会办公室,macro_finance,宏观规划与财政资源配置,Macro planning and finance,金融,1
上海市卫生和计划生育委员会,sectoral_public_services,行业应用与公共服务,Sectoral public services,卫生,1
上海市老龄工作委员会,other_unclear,其他或无法判定,Other or unclear,,1
上海市房屋管理局,other_unclear,其他或无法判定,Other or unclear,,1
中共上海市委组织部,party_government_general,党政综合与战略协调,Party-government general,中共,1
国家税务总局上海市税务局,macro_finance,宏观规划与财政资源配置,Macro planning and finance,税务,1
上海市文化广播影视管理局,public_science_culture,宣传文化与公众科学,Public science and culture,文化,1
上海市精神文明建设委员会,public_science_culture,宣传文化与公众科学,Public science and culture,文明建设,1
上海市教育系统新冠肺炎疫情防控工作领导小组,education_talent,教育与人才培养,Education and talent,教育,1
上海市水务局,other_unclear,其他或无法判定,Other or unclear,,1
上海市食品药品监督管理局,sectoral_public_services,行业应用与公共服务,Sectoral public services,药品,1
上海申康医院发展中心,other_unclear,其他或无法判定,Other or unclear,,1
上海市互联网信息办公室,digital_industry_data,工业信息化与数据治理,"Digital, industry and data",网信,1
上海市规划和自然资源局,sectoral_public_services,行业应用与公共服务,Sectoral public services,自然资源,1
中国银行保险监督管理委员会上海监管局,macro_finance,宏观规划与财政资源配置,Macro planning and finance,银行保险监督,1
中共上海市金山区委办公室,party_government_general,党政综合与战略协调,Party-government general,中共,1
中国(上海)自由贸易试验区临港新片区管理委员会,other_unclear,其他或无法判定,Other or unclear,,1
中共陕西省委高等教育工作委员会,education_talent,教育与人才培养,Education and talent,教育,1
中共陕西省西咸新区工作委员,party_government_general,党政综合与战略协调,Party-government general,中共,1
安康市人民政府,sectoral_public_services,行业应用与公共服务,Sectoral public services,民政,1
西安国际港务区管理委员会,other_unclear,其他或无法判定,Other or unclear,,1
西安市大数据资源管理局,digital_industry_data,工业信息化与数据治理,"Digital, industry and data",大数据,1
西安市工业和信息化委员会,digital_industry_data,工业信息化与数据治理,"Digital, industry and data",工业和信息化,1
西安市环境保护局,sectoral_public_services,行业应用与公共服务,Sectoral public services,环境保护,1
西安市地方税务局,macro_finance,宏观规划与财政资源配置,Macro planning and finance,税务,1
西安市人大(含常委会),law_regulation_security,法规司法与监管安全,"Law, regulation and security",人大,1
西安市职称改革办公室,education_talent,教育与人才培养,Education and talent,职称,1
中国人民银行西安分行,macro_finance,宏观规划与财政资源配置,Macro planning and finance,人民银行,1
共青团陕西省委员会,party_government_general,党政综合与战略协调,Party-government general,省委,1
陕西省体育局,sectoral_public_services,行业应用与公共服务,Sectoral public services,体育,1
陕西省环境保护厅,sectoral_public_services,行业应用与公共服务,Sectoral public services,环境保护,1
陕西省农业农村厅,sectoral_public_services,行业应用与公共服务,Sectoral public services,农业,1
陕西省国防科技和航空工业办公室,science_technology,科技创新与科研管理,Science and technology,科技,1
陕西省社会科学院,science_technology,科技创新与科研管理,Science and technology,科学院,1
陕西省卫生职称改革工作领导小组,education_talent,教育与人才培养,Education and talent,职称,1
中国证券监督管理委员会陕西监管局,macro_finance,宏观规划与财政资源配置,Macro planning and finance,证券监督,1
国家税务总局陕西省税务局,macro_finance,宏观规划与财政资源配置,Macro planning and finance,税务,1
陕西省地方金融监督管理局,macro_finance,宏观规划与财政资源配置,Macro planning and finance,金融,1
陕西省审计厅,macro_finance,宏观规划与财政资源配置,Macro planning and finance,审计,1
中共大同市委员会,party_government_general,党政综合与战略协调,Party-government general,中共,1
中共山西省委教育工作领导小组,education_talent,教育与人才培养,Education and talent,教育,1
太原市财政局,macro_finance,宏观规划与财政资源配置,Macro planning and finance,财政,1
国家税务总局山西省税务局,macro_finance,宏观规划与财政资源配置,Macro planning and finance,税务,1
山西省住房和城乡建设厅,sectoral_public_services,行业应用与公共服务,Sectoral public services,住房,1
山西省医疗保障局,other_unclear,其他或无法判定,Other or unclear,,1
中共山西省委网络安全和信息化领导小组办公室,digital_industry_data,工业信息化与数据治理,"Digital, industry and data",信息化,1
山西省通信管理局,digital_industry_data,工业信息化与数据治理,"Digital, industry and data",通信管理,1
中共山西省委机构编制委员会,party_government_general,党政综合与战略协调,Party-government general,中共,1
中共山西省委组织部,party_government_general,党政综合与战略协调,Party-government general,中共,1
山西省法学会,other_unclear,其他或无法判定,Other or unclear,,1
淄博市城市管理局,other_unclear,其他或无法判定,Other or unclear,,1
东营市体育局,sectoral_public_services,行业应用与公共服务,Sectoral public services,体育,1
中共东营市委,party_government_general,党政综合与战略协调,Party-government general,中共,1
中共淄博市委,party_government_general,党政综合与战略协调,Party-government general,中共,1
淄博市科学技术协会,public_science_culture,宣传文化与公众科学,Public science and culture,科学技术协会,1
中共青岛市委全面依法治市委员会办公室,party_government_general,党政综合与战略协调,Party-government general,中共,1
青岛市统计局,macro_finance,宏观规划与财政资源配置,Macro planning and finance,统计,1
威海市人大(含常委会),law_regulation_security,法规司法与监管安全,"Law, regulation and security",人大,1
中国银行保险监督管理委员会山东监管局,macro_finance,宏观规划与财政资源配置,Macro planning and finance,银行保险监督,1
山东省互联网信息办公室,digital_industry_data,工业信息化与数据治理,"Digital, industry and data",网信,1
山东省医疗保障局,other_unclear,其他或无法判定,Other or unclear,,1
山东省卫生厅,sectoral_public_services,行业应用与公共服务,Sectoral public services,卫生,1
山东省交通运输厅,sectoral_public_services,行业应用与公共服务,Sectoral public services,交通,1
山东省地方金融监督管理局,macro_finance,宏观规划与财政资源配置,Macro planning and finance,金融,1
山东省人事厅,other_unclear,其他或无法判定,Other or unclear,,1
山东省文化厅,public_science_culture,宣传文化与公众科学,Public science and culture,文化,1
山东省文化和旅游厅,public_science_culture,宣传文化与公众科学,Public science and culture,文化,1
山东省海洋与渔业厅,sectoral_public_services,行业应用与公共服务,Sectoral public services,海洋,1
中共山东省委组织部,party_government_general,党政综合与战略协调,Party-government general,中共,1
中国人民银行山东省分行,macro_finance,宏观规划与财政资源配置,Macro planning and finance,人民银行,1
中国证券监督管理委员会山东监管局,macro_finance,宏观规划与财政资源配置,Macro planning and finance,证券监督,1
国家金融监督管理总局山东监管局,macro_finance,宏观规划与财政资源配置,Macro planning and finance,金融,1
山东省海洋局,sectoral_public_services,行业应用与公共服务,Sectoral public services,海洋,1
山东省能源局,sectoral_public_services,行业应用与公共服务,Sectoral public services,能源,1
山东省粮食和物资储备局,sectoral_public_services,行业应用与公共服务,Sectoral public services,粮食,1
德州市人力资源和社会保障局,education_talent,教育与人才培养,Education and talent,人力资源,1
德州市发展和改革委员会,macro_finance,宏观规划与财政资源配置,Macro planning and finance,发展和改革,1
德州市卫生健康委员会,sectoral_public_services,行业应用与公共服务,Sectoral public services,卫生健康,1
德州市应急管理局,law_regulation_security,法规司法与监管安全,"Law, regulation and security",应急,1
德州市教育和体育局,education_talent,教育与人才培养,Education and talent,教育,1
德州市文化和旅游局,public_science_culture,宣传文化与公众科学,Public science and culture,文化,1
数字青岛建设领导小组,digital_industry_data,工业信息化与数据治理,"Digital, industry and data",数字,1
泰安市大数据局,digital_industry_data,工业信息化与数据治理,"Digital, industry and data",大数据,1
济南市发展和改革委员会,macro_finance,宏观规划与财政资源配置,Macro planning and finance,发展和改革,1
济南市人大(含常委会),law_regulation_security,法规司法与监管安全,"Law, regulation and security",人大,1
淄博市大数据局,digital_industry_data,工业信息化与数据治理,"Digital, industry and data",大数据,1
淄博市市场监督管理局,law_regulation_security,法规司法与监管安全,"Law, regulation and security",市场监督,1
淄博市水利与渔业局,sectoral_public_services,行业应用与公共服务,Sectoral public services,水利,1
潍坊市卫生健康委员会,sectoral_public_services,行业应用与公共服务,Sectoral public services,卫生健康,1
潍坊市科学技术局,science_technology,科技创新与科研管理,Science and technology,科学技术,1
潍坊市财政局,macro_finance,宏观规划与财政资源配置,Macro planning and finance,财政,1
烟台市大数据局,digital_industry_data,工业信息化与数据治理,"Digital, industry and data",大数据,1
烟台市教育局,education_talent,教育与人才培养,Education and talent,教育,1
青岛市市场监督管理局,law_regulation_security,法规司法与监管安全,"Law, regulation and security",市场监督,1
中共青岛市委机构编制委员会办公室,party_government_general,党政综合与战略协调,Party-government general,中共,1
青岛市智慧城市建设领导小组,other_unclear,其他或无法判定,Other or unclear,,1
青岛市科技局,science_technology,科技创新与科研管理,Science and technology,科技,1
青岛市经济和信息化委员会,digital_industry_data,工业信息化与数据治理,"Digital, industry and data",经济和信息化,1
青岛市商务局,sectoral_public_services,行业应用与公共服务,Sectoral public services,商务,1
青岛市应急管理局,law_regulation_security,法规司法与监管安全,"Law, regulation and security",应急,1
青岛市行政审批服务局,other_unclear,其他或无法判定,Other or unclear,,1
国家税务总局尖扎县税务局,macro_finance,宏观规划与财政资源配置,Macro planning and finance,税务,1
果洛藏族自治州人民政府,sectoral_public_services,行业应用与公共服务,Sectoral public services,民政,1
民和回族土族自治县人民政府,sectoral_public_services,行业应用与公共服务,Sectoral public services,民政,1
西宁市科学技术局,science_technology,科技创新与科研管理,Science and technology,科学技术,1
青海省农业农村厅,sectoral_public_services,行业应用与公共服务,Sectoral public services,农业,1
青海省档案局,other_unclear,其他或无法判定,Other or unclear,,1
中共青海省委网络安全和信息化委员会办公室,digital_industry_data,工业信息化与数据治理,"Digital, industry and data",信息化,1
青海省通信管理局,digital_industry_data,工业信息化与数据治理,"Digital, industry and data",通信管理,1
青海省体育局,sectoral_public_services,行业应用与公共服务,Sectoral public services,体育,1
青海省卫生健康委员会,sectoral_public_services,行业应用与公共服务,Sectoral public services,卫生健康,1
青海省商务厅,sectoral_public_services,行业应用与公共服务,Sectoral public services,商务,1
青海省教育厅,education_talent,教育与人才培养,Education and talent,教育,1
青海省文化和旅游厅,public_science_culture,宣传文化与公众科学,Public science and culture,文化,1
青海省民政厅,sectoral_public_services,行业应用与公共服务,Sectoral public services,民政,1
中共青海省委员会,party_government_general,党政综合与战略协调,Party-government general,中共,1
青海省经济和信息化委员会,digital_industry_data,工业信息化与数据治理,"Digital, industry and data",经济和信息化,1
中卫市人民政府,sectoral_public_services,行业应用与公共服务,Sectoral public services,民政,1
宁夏回族自治区住房和城乡建设厅,sectoral_public_services,行业应用与公共服务,Sectoral public services,住房,1
宁夏回族自治区信息化建设办公室,digital_industry_data,工业信息化与数据治理,"Digital, industry and data",信息化,1
宁夏回族自治区旅游局,public_science_culture,宣传文化与公众科学,Public science and culture,旅游,1
宁夏回族自治区农业农村厅,sectoral_public_services,行业应用与公共服务,Sectoral public services,农业,1
宁夏回族自治区水利厅,sectoral_public_services,行业应用与公共服务,Sectoral public services,水利,1
宁夏回族自治区生态环境厅,sectoral_public_services,行业应用与公共服务,Sectoral public services,生态环境,1
宁夏回族自治区自然资源厅,sectoral_public_services,行业应用与公共服务,Sectoral public services,自然资源,1
宁夏回族自治区粮食局,sectoral_public_services,行业应用与公共服务,Sectoral public services,粮食,1
灵武市人民政府,sectoral_public_services,行业应用与公共服务,Sectoral public services,民政,1
乌海市教育局,education_talent,教育与人才培养,Education and talent,教育,1
乌海市教育工委,education_talent,教育与人才培养,Education and talent,教育,1
兴安县人民政府,sectoral_public_services,行业应用与公共服务,Sectoral public services,民政,1
内蒙古自治区体育局,sectoral_public_services,行业应用与公共服务,Sectoral public services,体育,1
内蒙古自治区党委农牧办,party_government_general,党政综合与战略协调,Party-government general,党委,1
内蒙古自治区食品药品监督管理局,sectoral_public_services,行业应用与公共服务,Sectoral public services,药品,1
内蒙古自治区司法厅,law_regulation_security,法规司法与监管安全,"Law, regulation and security",司法,1
内蒙古自治区商务厅,sectoral_public_services,行业应用与公共服务,Sectoral public services,商务,1
内蒙古自治区政务公开工作领导小组,other_unclear,其他或无法判定,Other or unclear,,1
内蒙古自治区住房和城乡建设厅,sectoral_public_services,行业应用与公共服务,Sectoral public services,住房,1
内蒙古自治区工商行政管理局,law_regulation_security,法规司法与监管安全,"Law, regulation and security",工商行政,1
内蒙古自治区水利厅,sectoral_public_services,行业应用与公共服务,Sectoral public services,水利,1
内蒙古自治区财政厅,macro_finance,宏观规划与财政资源配置,Macro planning and finance,财政,1
内蒙古自治区经济和信息化委员会,digital_industry_data,工业信息化与数据治理,"Digital, industry and data",经济和信息化,1
内蒙古自治区退役军人事务厅,other_unclear,其他或无法判定,Other or unclear,,1
内蒙古自治区质量技术监督局,law_regulation_security,法规司法与监管安全,"Law, regulation and security",质量技术监督,1
包头市经济和信息化委员会,digital_industry_data,工业信息化与数据治理,"Digital, industry and data",经济和信息化,1
赤峰市人大(含常委会),law_regulation_security,法规司法与监管安全,"Law, regulation and security",人大,1
中共丹东市委,party_government_general,党政综合与战略协调,Party-government general,中共,1
中共大连市委机构编制委员会办公室,party_government_general,党政综合与战略协调,Party-government general,中共,1
大连市人力资源和社会保障局,education_talent,教育与人才培养,Education and talent,人力资源,1
大连市住房和城乡建设局,sectoral_public_services,行业应用与公共服务,Sectoral public services,住房,1
大连市自然资源局,sectoral_public_services,行业应用与公共服务,Sectoral public services,自然资源,1
宽甸满族自治县人民政府,sectoral_public_services,行业应用与公共服务,Sectoral public services,民政,1
沈阳市人力资源和社会保障局,education_talent,教育与人才培养,Education and talent,人力资源,1
中共沈阳市委宣传部,public_science_culture,宣传文化与公众科学,Public science and culture,宣传,1
沈阳市科学技术协会,public_science_culture,宣传文化与公众科学,Public science and culture,科学技术协会,1
沈阳市人大(含常委会),law_regulation_security,法规司法与监管安全,"Law, regulation and security",人大,1
辽宁省交通运输厅,sectoral_public_services,行业应用与公共服务,Sectoral public services,交通,1
辽宁省工业和信息化厅(原辽宁省工业和信息化委员会),digital_industry_data,工业信息化与数据治理,"Digital, industry and data",工业和信息化,1
中共辽宁省委机构编制委员会,party_government_general,党政综合与战略协调,Party-government general,中共,1
国家税务总局辽宁省税务局,macro_finance,宏观规划与财政资源配置,Macro planning and finance,税务,1
辽宁省住房和城乡建设厅,sectoral_public_services,行业应用与公共服务,Sectoral public services,住房,1
辽宁省医疗保障局,other_unclear,其他或无法判定,Other or unclear,,1
辽宁省新型冠状病毒感染的肺炎疫情防控指挥部,other_unclear,其他或无法判定,Other or unclear,,1
辽宁省水利厅,sectoral_public_services,行业应用与公共服务,Sectoral public services,水利,1
辽宁省知识产权局,law_regulation_security,法规司法与监管安全,"Law, regulation and security",知识产权,1
中国科学院沈阳分院,science_technology,科技创新与科研管理,Science and technology,科学院,1
鞍山市技术创新与研发服务中心,other_unclear,其他或无法判定,Other or unclear,,1
鞍山市教师进修学院,education_talent,教育与人才培养,Education and talent,学院,1
鞍山市统计局,macro_finance,宏观规划与财政资源配置,Macro planning and finance,统计,1
鞍山高新技术产业开发区管理委员会,science_technology,科技创新与科研管理,Science and technology,高新技术产业开发区,1
中国人民银行江西省分行,macro_finance,宏观规划与财政资源配置,Macro planning and finance,人民银行,1
江西省地方金融管理局,macro_finance,宏观规划与财政资源配置,Macro planning and finance,金融,1
江西省委网信办,digital_industry_data,工业信息化与数据治理,"Digital, industry and data",网信,1
江西省工业和信息化厅,digital_industry_data,工业信息化与数据治理,"Digital, industry and data",工业和信息化,1
江西省政务服务管理办公室,digital_industry_data,工业信息化与数据治理,"Digital, industry and data",政务服务,1
江西省数据局,digital_industry_data,工业信息化与数据治理,"Digital, industry and data",数据,1
江西省文化和旅游厅,public_science_culture,宣传文化与公众科学,Public science and culture,文化,1
江西省气象局,sectoral_public_services,行业应用与公共服务,Sectoral public services,气象,1
江西省市场监督管理局,law_regulation_security,法规司法与监管安全,"Law, regulation and security",市场监督,1
国家税务总局江西省税务局,macro_finance,宏观规划与财政资源配置,Macro planning and finance,税务,1
江西省住房和城乡建设厅,sectoral_public_services,行业应用与公共服务,Sectoral public services,住房,1
江西省公安厅,law_regulation_security,法规司法与监管安全,"Law, regulation and security",公安,1
江西省林业局,sectoral_public_services,行业应用与公共服务,Sectoral public services,林业,1
苏州市中级人民法院,law_regulation_security,法规司法与监管安全,"Law, regulation and security",法院,1
东海县人民政府,sectoral_public_services,行业应用与公共服务,Sectoral public services,民政,1
南京市卫生健康委员会,sectoral_public_services,行业应用与公共服务,Sectoral public services,卫生健康,1
中共南通市委组织部,party_government_general,党政综合与战略协调,Party-government general,中共,1
中共常州市委宣传部,public_science_culture,宣传文化与公众科学,Public science and culture,宣传,1
常州市文化广电和旅游局,public_science_culture,宣传文化与公众科学,Public science and culture,文化,1
常州市文明办,public_science_culture,宣传文化与公众科学,Public science and culture,文明办,1
中共徐州市委,party_government_general,党政综合与战略协调,Party-government general,中共,1
无锡市农业农村局,sectoral_public_services,行业应用与公共服务,Sectoral public services,农业,1
中国科学院南京分院,science_technology,科技创新与科研管理,Science and technology,科学院,1
江苏省国防科学技术工业办公室,science_technology,科技创新与科研管理,Science and technology,科学技术,1
盐城市科学技术局,science_technology,科技创新与科研管理,Science and technology,科学技术,1
丰县人民政府,sectoral_public_services,行业应用与公共服务,Sectoral public services,民政,1
仪征市人民政府,sectoral_public_services,行业应用与公共服务,Sectoral public services,民政,1
南京市律师协会,other_unclear,其他或无法判定,Other or unclear,,1
南京经济技术开发区管理委员会,party_government_general,党政综合与战略协调,Party-government general,开发区管理委员会,1
南通市人力资源和社会保障局,education_talent,教育与人才培养,Education and talent,人力资源,1
南通市财政局,macro_finance,宏观规划与财政资源配置,Macro planning and finance,财政,1
南通市统计局,macro_finance,宏观规划与财政资源配置,Macro planning and finance,统计,1
启东市人民政府,sectoral_public_services,行业应用与公共服务,Sectoral public services,民政,1
宿迁市退役军人事务局,other_unclear,其他或无法判定,Other or unclear,,1
镇江市发展和改革委员会,macro_finance,宏观规划与财政资源配置,Macro planning and finance,发展和改革,1
南通市司法局,law_regulation_security,法规司法与监管安全,"Law, regulation and security",司法,1
镇江市数据局,digital_industry_data,工业信息化与数据治理,"Digital, industry and data",数据,1
中共常州市委人才工作领导小组办公室,education_talent,教育与人才培养,Education and talent,人才,1
常州市创新委员会办公室,other_unclear,其他或无法判定,Other or unclear,,1
常州市卫生健康委员会,sectoral_public_services,行业应用与公共服务,Sectoral public services,卫生健康,1
常州市新北区人民政府,sectoral_public_services,行业应用与公共服务,Sectoral public services,民政,1
常州市人大(含常委会),law_regulation_security,法规司法与监管安全,"Law, regulation and security",人大,1
常州市钟楼区人民政府,sectoral_public_services,行业应用与公共服务,Sectoral public services,民政,1
徐州市工业和信息化局,digital_industry_data,工业信息化与数据治理,"Digital, industry and data",工业和信息化,1
扬州市农业农村局,sectoral_public_services,行业应用与公共服务,Sectoral public services,农业,1
扬州市数据局,digital_industry_data,工业信息化与数据治理,"Digital, industry and data",数据,1
扬州市邗江区人民政府,sectoral_public_services,行业应用与公共服务,Sectoral public services,民政,1
无锡市人大(含常委会),law_regulation_security,法规司法与监管安全,"Law, regulation and security",人大,1
无锡市劳动和社会保障局,other_unclear,其他或无法判定,Other or unclear,,1
无锡市卫生健康委员会,sectoral_public_services,行业应用与公共服务,Sectoral public services,卫生健康,1
无锡市梁溪区人民政府,sectoral_public_services,行业应用与公共服务,Sectoral public services,民政,1
无锡市锡山区人民政府,sectoral_public_services,行业应用与公共服务,Sectoral public services,民政,1
江苏省文化和旅游厅,public_science_culture,宣传文化与公众科学,Public science and culture,文化,1
江苏省司法厅,law_regulation_security,法规司法与监管安全,"Law, regulation and security",司法,1
江苏省国土资源厅,sectoral_public_services,行业应用与公共服务,Sectoral public services,国土资源,1
江苏省地方金融监督管理局,macro_finance,宏观规划与财政资源配置,Macro planning and finance,金融,1
江苏省通信管理局,digital_industry_data,工业信息化与数据治理,"Digital, industry and data",通信管理,1
国家税务总局江苏省税务局,macro_finance,宏观规划与财政资源配置,Macro planning and finance,税务,1
江苏省政府推进政府职能转变和“放管服”改革协调小组,other_unclear,其他或无法判定,Other or unclear,,1
江苏省政府教育督导委员会,education_talent,教育与人才培养,Education and talent,教育,1
江苏省语言文字工作委员会,education_talent,教育与人才培养,Education and talent,语言文字,1
中共江苏省委政法委员会,party_government_general,党政综合与战略协调,Party-government general,中共,1
江苏省高技能人才工作办公室,education_talent,教育与人才培养,Education and talent,人才,1
沛县人民政府,sectoral_public_services,行业应用与公共服务,Sectoral public services,民政,1
泰州市姜堰区人民政府,sectoral_public_services,行业应用与公共服务,Sectoral public services,民政,1
泰州市海陵区人民政府,sectoral_public_services,行业应用与公共服务,Sectoral public services,民政,1
南通市海门区人民政府（原海门市人民政府）,sectoral_public_services,行业应用与公共服务,Sectoral public services,民政,1
溧阳市人民政府,sectoral_public_services,行业应用与公共服务,Sectoral public services,民政,1
灌云县人民政府,sectoral_public_services,行业应用与公共服务,Sectoral public services,民政,1
睢宁县人民政府,sectoral_public_services,行业应用与公共服务,Sectoral public services,民政,1
苏州市发展和改革委员会,macro_finance,宏观规划与财政资源配置,Macro planning and finance,发展和改革,1
苏州市工业和信息化局,digital_industry_data,工业信息化与数据治理,"Digital, industry and data",工业和信息化,1
苏州市人大(含常委会),law_regulation_security,法规司法与监管安全,"Law, regulation and security",人大,1
苏州市财政局,macro_finance,宏观规划与财政资源配置,Macro planning and finance,财政,1
连云港市交通运输局,sectoral_public_services,行业应用与公共服务,Sectoral public services,交通,1
连云港市商务局,sectoral_public_services,行业应用与公共服务,Sectoral public services,商务,1
连云港市总工会,public_science_culture,宣传文化与公众科学,Public science and culture,总工会,1
连云港市文化广电和旅游局,public_science_culture,宣传文化与公众科学,Public science and culture,文化,1
连云港市教育局,education_talent,教育与人才培养,Education and talent,教育,1
连云港市经济和信息化委员会,digital_industry_data,工业信息化与数据治理,"Digital, industry and data",经济和信息化,1
连云港市赣榆区人民政府,sectoral_public_services,行业应用与公共服务,Sectoral public services,民政,1
邳州市人民政府,sectoral_public_services,行业应用与公共服务,Sectoral public services,民政,1
镇江市润州区人民政府,sectoral_public_services,行业应用与公共服务,Sectoral public services,民政,1
镇江新区管理委员会办公室,other_unclear,其他或无法判定,Other or unclear,,1
阜宁县人民政府,sectoral_public_services,行业应用与公共服务,Sectoral public services,民政,1
前郭尔罗斯蒙古族自治县人民政府,sectoral_public_services,行业应用与公共服务,Sectoral public services,民政,1
吉林市人力资源和社会保障局,education_talent,教育与人才培养,Education and talent,人力资源,1
中国人民银行长春中心支行,macro_finance,宏观规划与财政资源配置,Macro planning and finance,人民银行,1
吉林省医疗保障局,other_unclear,其他或无法判定,Other or unclear,,1
吉林省商务厅,sectoral_public_services,行业应用与公共服务,Sectoral public services,商务,1
吉林省市场监督管理厅,law_regulation_security,法规司法与监管安全,"Law, regulation and security",市场监督,1
吉林省税务局,macro_finance,宏观规划与财政资源配置,Macro planning and finance,税务,1
吉林省国防动员办公室,other_unclear,其他或无法判定,Other or unclear,,1
吉林省能源局,sectoral_public_services,行业应用与公共服务,Sectoral public services,能源,1
吉林省通信管理局,digital_industry_data,工业信息化与数据治理,"Digital, industry and data",通信管理,1
共青团吉林省委员会,party_government_general,党政综合与战略协调,Party-government general,省委,1
吉林省人民政府国有资产监督管理委员会,macro_finance,宏观规划与财政资源配置,Macro planning and finance,国有资产,1
吉林省作家协会,other_unclear,其他或无法判定,Other or unclear,,1
吉林省妇女联合会,public_science_culture,宣传文化与公众科学,Public science and culture,妇女联合会,1
吉林省工商业联合会,other_unclear,其他或无法判定,Other or unclear,,1
吉林省总工会,public_science_culture,宣传文化与公众科学,Public science and culture,总工会,1
吉林省药品监督管理局,sectoral_public_services,行业应用与公共服务,Sectoral public services,药品,1
长春市民政局,sectoral_public_services,行业应用与公共服务,Sectoral public services,民政,1
长白朝鲜族自治县人民政府,sectoral_public_services,行业应用与公共服务,Sectoral public services,民政,1
中共常德市委,party_government_general,党政综合与战略协调,Party-government general,中共,1
中共湘潭市委,party_government_general,党政综合与战略协调,Party-government general,中共,1
张家界市人民政府,sectoral_public_services,行业应用与公共服务,Sectoral public services,民政,1
中共湖南省委金融委员会办公室,macro_finance,宏观规划与财政资源配置,Macro planning and finance,金融,1
中国人民银行湖南省分行,macro_finance,宏观规划与财政资源配置,Macro planning and finance,人民银行,1
国家金融监督管理总局湖南监管局,macro_finance,宏观规划与财政资源配置,Macro planning and finance,金融,1
湖南省教育体制改革领导小组,education_talent,教育与人才培养,Education and talent,教育,1
湖南省教育委员会,education_talent,教育与人才培养,Education and talent,教育,1
共青团湖南省委员会,party_government_general,党政综合与战略协调,Party-government general,省委,1
湖南省体育局,sectoral_public_services,行业应用与公共服务,Sectoral public services,体育,1
湖南省大中专学校学生信息咨询与就业指导中心,education_talent,教育与人才培养,Education and talent,学校,1
湖南省互联网信息办公室,digital_industry_data,工业信息化与数据治理,"Digital, industry and data",网信,1
湖南省市场监督管理局,law_regulation_security,法规司法与监管安全,"Law, regulation and security",市场监督,1
湖南省通信管理局,digital_industry_data,工业信息化与数据治理,"Digital, industry and data",通信管理,1
中共湖南省委网络安全和信息化领导小组办公室,digital_industry_data,工业信息化与数据治理,"Digital, industry and data",信息化,1
湖南省人民政府国有资产监督管理委员会,macro_finance,宏观规划与财政资源配置,Macro planning and finance,国有资产,1
湖南省文化厅,public_science_culture,宣传文化与公众科学,Public science and culture,文化,1
湖南省农业科学院,science_technology,科技创新与科研管理,Science and technology,科学院,1
长沙市发展和改革委员会,macro_finance,宏观规划与财政资源配置,Macro planning and finance,发展和改革,1
长沙市财政局,macro_finance,宏观规划与财政资源配置,Macro planning and finance,财政,1
湖北省安全生产监督管理局,law_regulation_security,法规司法与监管安全,"Law, regulation and security",安全,1
咸宁市教育局,education_talent,教育与人才培养,Education and talent,教育,1
天门市人民政府,sectoral_public_services,行业应用与公共服务,Sectoral public services,民政,1
恩施市人民政府,sectoral_public_services,行业应用与公共服务,Sectoral public services,民政,1
武汉市公安局,law_regulation_security,法规司法与监管安全,"Law, regulation and security",公安,1
中共武汉市委教育工作委员会,education_talent,教育与人才培养,Education and talent,教育,1
武汉市推进新型工业化领导小组,other_unclear,其他或无法判定,Other or unclear,,1
湖北省乡村振兴局,sectoral_public_services,行业应用与公共服务,Sectoral public services,乡村振兴,1
湖北省交通运输厅,sectoral_public_services,行业应用与公共服务,Sectoral public services,交通,1
湖北省其他机构,other_unclear,其他或无法判定,Other or unclear,,1
湖北省商务厅,sectoral_public_services,行业应用与公共服务,Sectoral public services,商务,1
湖北省科技创新办公室,science_technology,科技创新与科研管理,Science and technology,科技,1
襄阳高新区管委会,other_unclear,其他或无法判定,Other or unclear,,1
鄂州市人大(含常委会),law_regulation_security,法规司法与监管安全,"Law, regulation and security",人大,1
中共鸡西市委办公室,party_government_general,党政综合与战略协调,Party-government general,中共,1
双鸭山市人力资源和社会保障局,education_talent,教育与人才培养,Education and talent,人力资源,1
双鸭山市住房和城乡建设局,sectoral_public_services,行业应用与公共服务,Sectoral public services,住房,1
双鸭山市发展和改革委员会,macro_finance,宏观规划与财政资源配置,Macro planning and finance,发展和改革,1
双鸭山市财政局,macro_finance,宏观规划与财政资源配置,Macro planning and finance,财政,1
哈尔滨市数字政府建设领导小组办公室,digital_industry_data,工业信息化与数据治理,"Digital, industry and data",数字,1
哈尔滨市金融服务局,macro_finance,宏观规划与财政资源配置,Macro planning and finance,金融,1
黑龙江省广播电视局,public_science_culture,宣传文化与公众科学,Public science and culture,广播电视,1
国家税务总局黑龙江省税务局,macro_finance,宏观规划与财政资源配置,Macro planning and finance,税务,1
黑龙江省乡村振兴局,sectoral_public_services,行业应用与公共服务,Sectoral public services,乡村振兴,1
黑龙江省文化厅,public_science_culture,宣传文化与公众科学,Public science and culture,文化,1
中共黑龙江省委政法委员会,party_government_general,党政综合与战略协调,Party-government general,中共,1
中共黑龙江省委网络安全和信息化委员会办公室,digital_industry_data,工业信息化与数据治理,"Digital, industry and data",信息化,1
黑龙江省公安厅,law_regulation_security,法规司法与监管安全,"Law, regulation and security",公安,1
黑龙江省营商环境建设监督局,other_unclear,其他或无法判定,Other or unclear,,1
中国证券监督管理委员会黑龙江监管局,macro_finance,宏观规划与财政资源配置,Macro planning and finance,证券监督,1
中共河南省委网络安全和信息化领导小组办公室,digital_industry_data,工业信息化与数据治理,"Digital, industry and data",信息化,1
河南省国家税务局,macro_finance,宏观规划与财政资源配置,Macro planning and finance,税务,1
河南省工商行政管理局,law_regulation_security,法规司法与监管安全,"Law, regulation and security",工商行政,1
河南省税务局,macro_finance,宏观规划与财政资源配置,Macro planning and finance,税务,1
河南省统计局,macro_finance,宏观规划与财政资源配置,Macro planning and finance,统计,1
河南省质量技术监督局,law_regulation_security,法规司法与监管安全,"Law, regulation and security",质量技术监督,1
中共郑州市委员会,party_government_general,党政综合与战略协调,Party-government general,中共,1
国家能源局河南监管办,sectoral_public_services,行业应用与公共服务,Sectoral public services,能源,1
安阳市发展和改革委员会,macro_finance,宏观规划与财政资源配置,Macro planning and finance,发展和改革,1
平顶山市发展和改革委员会,macro_finance,宏观规划与财政资源配置,Macro planning and finance,发展和改革,1
中共河南省委金融工作委员会,macro_finance,宏观规划与财政资源配置,Macro planning and finance,金融,1
中国人民银行河南省分行,macro_finance,宏观规划与财政资源配置,Macro planning and finance,人民银行,1
国家金融监督管理总局河南监管局,macro_finance,宏观规划与财政资源配置,Macro planning and finance,金融,1
河南省卫生健康委员会,sectoral_public_services,行业应用与公共服务,Sectoral public services,卫生健康,1
河南省应急管理厅,law_regulation_security,法规司法与监管安全,"Law, regulation and security",应急,1
河南省文化和旅游厅,public_science_culture,宣传文化与公众科学,Public science and culture,文化,1
河南省文物局,public_science_culture,宣传文化与公众科学,Public science and culture,文物,1
河南省气象局,sectoral_public_services,行业应用与公共服务,Sectoral public services,气象,1
河南省行政审批和政务信息管理局,other_unclear,其他或无法判定,Other or unclear,,1
河南省教育体制改革领导小组,education_talent,教育与人才培养,Education and talent,教育,1
河南省大数据管理局,digital_industry_data,工业信息化与数据治理,"Digital, industry and data",大数据,1
河南省通信管理局,digital_industry_data,工业信息化与数据治理,"Digital, industry and data",通信管理,1
河南省中医管理局,other_unclear,其他或无法判定,Other or unclear,,1
河南省教育厅新型冠状病毒感染的肺炎疫情防控工作领导小组,education_talent,教育与人才培养,Education and talent,教育,1
中共河南省委机构编制委员会,party_government_general,党政综合与战略协调,Party-government general,中共,1
国家税务总局河南省税务局,macro_finance,宏观规划与财政资源配置,Macro planning and finance,税务,1
河南省知识产权局,law_regulation_security,法规司法与监管安全,"Law, regulation and security",知识产权,1
漯河市科学技术局,science_technology,科技创新与科研管理,Science and technology,科学技术,1
郑州市大数据管理局,digital_industry_data,工业信息化与数据治理,"Digital, industry and data",大数据,1
郑州市民政局,sectoral_public_services,行业应用与公共服务,Sectoral public services,民政,1
郑州市经济技术开发区管理委员会,party_government_general,党政综合与战略协调,Party-government general,开发区管理委员会,1
郑州市职业技术教育教研室,education_talent,教育与人才培养,Education and talent,教育,1
唐山市农业农村局,sectoral_public_services,行业应用与公共服务,Sectoral public services,农业,1
唐山市卫生健康委员会,sectoral_public_services,行业应用与公共服务,Sectoral public services,卫生健康,1
唐山市应急管理局,law_regulation_security,法规司法与监管安全,"Law, regulation and security",应急,1
唐山市水利局,sectoral_public_services,行业应用与公共服务,Sectoral public services,水利,1
唐山市生态环境局,sectoral_public_services,行业应用与公共服务,Sectoral public services,生态环境,1
唐山市自然资源和规划局,sectoral_public_services,行业应用与公共服务,Sectoral public services,自然资源,1
河北省文化和旅游厅,public_science_culture,宣传文化与公众科学,Public science and culture,文化,1
国家税务总局河北省税务局,macro_finance,宏观规划与财政资源配置,Macro planning and finance,税务,1
河北省人民政府国有资产监督管理委员会,macro_finance,宏观规划与财政资源配置,Macro planning and finance,国有资产,1
河北省卫生健康委员会,sectoral_public_services,行业应用与公共服务,Sectoral public services,卫生健康,1
河北省市场监督管理局,law_regulation_security,法规司法与监管安全,"Law, regulation and security",市场监督,1
中共河北省委网络安全和信息化委员会办公室,digital_industry_data,工业信息化与数据治理,"Digital, industry and data",信息化,1
中国人民银行石家庄中心支行,macro_finance,宏观规划与财政资源配置,Macro planning and finance,人民银行,1
中国证券监督管理委员会河北监管局,macro_finance,宏观规划与财政资源配置,Macro planning and finance,证券监督,1
中国银行保险监督管理委员会河北监管局,macro_finance,宏观规划与财政资源配置,Macro planning and finance,银行保险监督,1
河北省公安厅,law_regulation_security,法规司法与监管安全,"Law, regulation and security",公安,1
河北省市场监管领域疫情防控领导小组,law_regulation_security,法规司法与监管安全,"Law, regulation and security",市场监管,1
河北省人大(含常委会),law_regulation_security,法规司法与监管安全,"Law, regulation and security",人大,1
石家庄市发展和改革委员会,macro_finance,宏观规划与财政资源配置,Macro planning and finance,发展和改革,1
石家庄市科普工作办公室,other_unclear,其他或无法判定,Other or unclear,,1
石家庄高新技术产业开发区,science_technology,科技创新与科研管理,Science and technology,高新技术产业开发区,1
衡水市桃城区人民政府,sectoral_public_services,行业应用与公共服务,Sectoral public services,民政,1
邯郸市人力资源和社会保障局,education_talent,教育与人才培养,Education and talent,人力资源,1
邯郸市公安局,law_regulation_security,法规司法与监管安全,"Law, regulation and security",公安,1
邯郸市司法局,law_regulation_security,法规司法与监管安全,"Law, regulation and security",司法,1
邯郸市妇女联合会,public_science_culture,宣传文化与公众科学,Public science and culture,妇女联合会,1
邯郸市审计局,macro_finance,宏观规划与财政资源配置,Macro planning and finance,审计,1
邯郸市工商行政管理局,law_regulation_security,法规司法与监管安全,"Law, regulation and security",工商行政,1
邯郸市扶贫和农业开发办公室,sectoral_public_services,行业应用与公共服务,Sectoral public services,农业,1
邯郸市文化广电新闻出版局,public_science_culture,宣传文化与公众科学,Public science and culture,文化,1
邯郸市残疾人联合会,other_unclear,其他或无法判定,Other or unclear,,1
邯郸市民政局,sectoral_public_services,行业应用与公共服务,Sectoral public services,民政,1
邯郸市社会治安综合治理委员会,other_unclear,其他或无法判定,Other or unclear,,1
邯郸市行政审批局,other_unclear,其他或无法判定,Other or unclear,,1
万宁市人民政府,sectoral_public_services,行业应用与公共服务,Sectoral public services,民政,1
中共三亚市委,party_government_general,党政综合与战略协调,Party-government general,中共,1
儋州市人民政府,sectoral_public_services,行业应用与公共服务,Sectoral public services,民政,1
定安县人民政府,sectoral_public_services,行业应用与公共服务,Sectoral public services,民政,1
文昌市人民政府,sectoral_public_services,行业应用与公共服务,Sectoral public services,民政,1
国家税务总局海南省税务局,macro_finance,宏观规划与财政资源配置,Macro planning and finance,税务,1
海南州市场监督管理局,law_regulation_security,法规司法与监管安全,"Law, regulation and security",市场监督,1
海南省商务厅,sectoral_public_services,行业应用与公共服务,Sectoral public services,商务,1
海南省工业和信息化厅,digital_industry_data,工业信息化与数据治理,"Digital, industry and data",工业和信息化,1
海南省统计局,macro_finance,宏观规划与财政资源配置,Macro planning and finance,统计,1
海南省发展与改革厅,other_unclear,其他或无法判定,Other or unclear,,1
海南省海洋与渔业厅,sectoral_public_services,行业应用与公共服务,Sectoral public services,海洋,1
海南省药品监督管理局,sectoral_public_services,行业应用与公共服务,Sectoral public services,药品,1
海口市人力资源和社会保障局,education_talent,教育与人才培养,Education and talent,人力资源,1
中共六盘水市委办公室,party_government_general,党政综合与战略协调,Party-government general,中共,1
毕节市教育局,education_talent,教育与人才培养,Education and talent,教育,1
贵州省卫生和计划生育委员会,sectoral_public_services,行业应用与公共服务,Sectoral public services,卫生,1
贵州省市场监督管理局,law_regulation_security,法规司法与监管安全,"Law, regulation and security",市场监督,1
贵州省大数据产业发展领导小组办公室,digital_industry_data,工业信息化与数据治理,"Digital, industry and data",大数据,1
贵州省委教育工委,education_talent,教育与人才培养,Education and talent,教育,1
贵州省残疾人联合会,other_unclear,其他或无法判定,Other or unclear,,1
中共贵州省委宣传部,public_science_culture,宣传文化与公众科学,Public science and culture,宣传,1
贵州省科学技术协会,public_science_culture,宣传文化与公众科学,Public science and culture,科学技术协会,1
贵州省粮食局,sectoral_public_services,行业应用与公共服务,Sectoral public services,粮食,1
贵州省经济和信息化委员会,digital_industry_data,工业信息化与数据治理,"Digital, industry and data",经济和信息化,1
贵州省统计局,macro_finance,宏观规划与财政资源配置,Macro planning and finance,统计,1
贵州省质量发展领导小组,other_unclear,其他或无法判定,Other or unclear,,1
贵州省食品药品监督管理局,sectoral_public_services,行业应用与公共服务,Sectoral public services,药品,1
贵阳市公安局,law_regulation_security,法规司法与监管安全,"Law, regulation and security",公安,1
贵安新区大数据和科技创新局,science_technology,科技创新与科研管理,Science and technology,科技,1
贵安新区工业和信息化局,digital_industry_data,工业信息化与数据治理,"Digital, industry and data",工业和信息化,1
贵安新区财政和金融工作局,macro_finance,宏观规划与财政资源配置,Macro planning and finance,财政,1
贵阳市工业和信息化局,digital_industry_data,工业信息化与数据治理,"Digital, industry and data",工业和信息化,1
贵阳市综合行政执法局,other_unclear,其他或无法判定,Other or unclear,,1
黔东南苗族侗族自治州人民政府,sectoral_public_services,行业应用与公共服务,Sectoral public services,民政,1
梧州市万秀区人民政府,sectoral_public_services,行业应用与公共服务,Sectoral public services,民政,1
中国共产党崇左市委员会,party_government_general,党政综合与战略协调,Party-government general,中国共产党,1
全州县人民政府,sectoral_public_services,行业应用与公共服务,Sectoral public services,民政,1
兴业县人民政府,sectoral_public_services,行业应用与公共服务,Sectoral public services,民政,1
北海市海城区人民政府,sectoral_public_services,行业应用与公共服务,Sectoral public services,民政,1
南宁市交通运输局,sectoral_public_services,行业应用与公共服务,Sectoral public services,交通,1
南宁市大数据发展局,digital_industry_data,工业信息化与数据治理,"Digital, industry and data",大数据,1
南宁市统计局,macro_finance,宏观规划与财政资源配置,Macro planning and finance,统计,1
中共广西壮族自治区委员会组织部,party_government_general,党政综合与战略协调,Party-government general,中共,1
广西壮族自治区人民防空和边海防办公室,other_unclear,其他或无法判定,Other or unclear,,1
中共广西壮族自治区委员会政法委员会,party_government_general,党政综合与战略协调,Party-government general,中共,1
广西壮族自治区住房和城乡建设厅,sectoral_public_services,行业应用与公共服务,Sectoral public services,住房,1
广西壮族自治区公安厅,law_regulation_security,法规司法与监管安全,"Law, regulation and security",公安,1
广西壮族自治区民政厅,sectoral_public_services,行业应用与公共服务,Sectoral public services,民政,1
广西壮族自治区通信管理局,digital_industry_data,工业信息化与数据治理,"Digital, industry and data",通信管理,1
中共广西壮族自治区委员会金融委员会办公室,macro_finance,宏观规划与财政资源配置,Macro planning and finance,金融,1
南宁海关,law_regulation_security,法规司法与监管安全,"Law, regulation and security",海关,1
广西壮族自治区科技领导小组办公室,science_technology,科技创新与科研管理,Science and technology,科技,1
广西壮族自治区科普工作联席会议办公室,other_unclear,其他或无法判定,Other or unclear,,1
广西壮族自治区统计局,macro_finance,宏观规划与财政资源配置,Macro planning and finance,统计,1
国家金融监督管理总局广西监管局,macro_finance,宏观规划与财政资源配置,Macro planning and finance,金融,1
梧州市龙圩区人民政府,sectoral_public_services,行业应用与公共服务,Sectoral public services,民政,1
玉林市玉州区人民政府,sectoral_public_services,行业应用与公共服务,Sectoral public services,民政,1
玉林市福绵区人民政府,sectoral_public_services,行业应用与公共服务,Sectoral public services,民政,1
田阳县人民政府,sectoral_public_services,行业应用与公共服务,Sectoral public services,民政,1
苍梧县人民政府,sectoral_public_services,行业应用与公共服务,Sectoral public services,民政,1
荔浦市人民政府,sectoral_public_services,行业应用与公共服务,Sectoral public services,民政,1
蒙山县农业农村局,sectoral_public_services,行业应用与公共服务,Sectoral public services,农业,1
蒙山县教育局,education_talent,教育与人才培养,Education and talent,教育,1
隆林各族自治县人民政府,sectoral_public_services,行业应用与公共服务,Sectoral public services,民政,1
粤港澳大湾区建设领导小组,other_unclear,其他或无法判定,Other or unclear,,1
深圳市地方金融监督管理局,macro_finance,宏观规划与财政资源配置,Macro planning and finance,金融,1
东源县人民政府,sectoral_public_services,行业应用与公共服务,Sectoral public services,民政,1
中共廉江市委办公室,party_government_general,党政综合与战略协调,Party-government general,中共,1
中山市经济和信息化局,digital_industry_data,工业信息化与数据治理,"Digital, industry and data",经济和信息化,1
丰顺县人民政府,sectoral_public_services,行业应用与公共服务,Sectoral public services,民政,1
乐昌市人民政府,sectoral_public_services,行业应用与公共服务,Sectoral public services,民政,1
云浮市人大(含常委会),law_regulation_security,法规司法与监管安全,"Law, regulation and security",人大,1
五华县人民政府,sectoral_public_services,行业应用与公共服务,Sectoral public services,民政,1
兴宁市人民政府,sectoral_public_services,行业应用与公共服务,Sectoral public services,民政,1
四会市人民政府,sectoral_public_services,行业应用与公共服务,Sectoral public services,民政,1
广东省哲学社会科学规划领导小组,other_unclear,其他或无法判定,Other or unclear,,1
广东省市场监督管理局,law_regulation_security,法规司法与监管安全,"Law, regulation and security",市场监督,1
中共广东省委金融委员会办公室,macro_finance,宏观规划与财政资源配置,Macro planning and finance,金融,1
中国证券监督管理委员会广东监管局,macro_finance,宏观规划与财政资源配置,Macro planning and finance,证券监督,1
国家金融监督管理总局广东监管局,macro_finance,宏观规划与财政资源配置,Macro planning and finance,金融,1
广东省中医药局,sectoral_public_services,行业应用与公共服务,Sectoral public services,中医药,1
广东省住房和城乡建设厅,sectoral_public_services,行业应用与公共服务,Sectoral public services,住房,1
广东省农业农村厅,sectoral_public_services,行业应用与公共服务,Sectoral public services,农业,1
广东省医疗保障局,other_unclear,其他或无法判定,Other or unclear,,1
广东省总工会,public_science_culture,宣传文化与公众科学,Public science and culture,总工会,1
广东省文化和旅游厅,public_science_culture,宣传文化与公众科学,Public science and culture,文化,1
广东省气象局,sectoral_public_services,行业应用与公共服务,Sectoral public services,气象,1
广东省药品监督管理局,sectoral_public_services,行业应用与公共服务,Sectoral public services,药品,1
广东省广播电影电视局,other_unclear,其他或无法判定,Other or unclear,,1
广东省经济和信息化委员会,digital_industry_data,工业信息化与数据治理,"Digital, industry and data",经济和信息化,1
广东省质量技术监督局,law_regulation_security,法规司法与监管安全,"Law, regulation and security",质量技术监督,1
广东证券期货业协会,other_unclear,其他或无法判定,Other or unclear,,1
广州市增城区人民政府,sectoral_public_services,行业应用与公共服务,Sectoral public services,民政,1
广州市政务服务数据管理局,digital_industry_data,工业信息化与数据治理,"Digital, industry and data",数据,1
广州市白云区人民政府,sectoral_public_services,行业应用与公共服务,Sectoral public services,民政,1
广州市科技创新委员会,science_technology,科技创新与科研管理,Science and technology,科技,1
广州市黄埔区人民政府,sectoral_public_services,行业应用与公共服务,Sectoral public services,民政,1
徐闻县人民政府,sectoral_public_services,行业应用与公共服务,Sectoral public services,民政,1
恩平市人民政府,sectoral_public_services,行业应用与公共服务,Sectoral public services,民政,1
惠州市大亚湾经济技术开发区管理委员会,party_government_general,党政综合与战略协调,Party-government general,开发区管理委员会,1
惠州市经济和信息化局,digital_industry_data,工业信息化与数据治理,"Digital, industry and data",经济和信息化,1
揭阳市榕城区人民政府,sectoral_public_services,行业应用与公共服务,Sectoral public services,民政,1
梅州市梅县区人民政府,sectoral_public_services,行业应用与公共服务,Sectoral public services,民政,1
汕头市潮南区人民政府,sectoral_public_services,行业应用与公共服务,Sectoral public services,民政,1
深圳市公安局,law_regulation_security,法规司法与监管安全,"Law, regulation and security",公安,1
深圳市司法局,law_regulation_security,法规司法与监管安全,"Law, regulation and security",司法,1
深圳市商务局,sectoral_public_services,行业应用与公共服务,Sectoral public services,商务,1
深圳市宝安区科技创新局,science_technology,科技创新与科研管理,Science and technology,科技,1
深圳市民政局,sectoral_public_services,行业应用与公共服务,Sectoral public services,民政,1
深圳市卫生健康委员会,sectoral_public_services,行业应用与公共服务,Sectoral public services,卫生健康,1
深圳市财政局,macro_finance,宏观规划与财政资源配置,Macro planning and finance,财政,1
深圳市科技和信息局,science_technology,科技创新与科研管理,Science and technology,科技,1
深圳市科技工贸和信息化委员会,science_technology,科技创新与科研管理,Science and technology,科技,1
深圳海关,law_regulation_security,法规司法与监管安全,"Law, regulation and security",海关,1
珠海市中级人民法院,law_regulation_security,法规司法与监管安全,"Law, regulation and security",法院,1
珠海市教育局,education_talent,教育与人才培养,Education and talent,教育,1
珠海市海洋农业和水务局(原市海洋农渔和水务局),sectoral_public_services,行业应用与公共服务,Sectoral public services,农业,1
紫金县人民政府,sectoral_public_services,行业应用与公共服务,Sectoral public services,民政,1
阳西县人民政府,sectoral_public_services,行业应用与公共服务,Sectoral public services,民政,1
韶关市政务服务数据管理局,digital_industry_data,工业信息化与数据治理,"Digital, industry and data",数据,1
龙川县人民政府,sectoral_public_services,行业应用与公共服务,Sectoral public services,民政,1
阿克塞哈萨克族自治县人民政府,sectoral_public_services,行业应用与公共服务,Sectoral public services,民政,1
临夏回族自治州人民政府,sectoral_public_services,行业应用与公共服务,Sectoral public services,民政,1
兰州市人民政府国有资产监督管理委员会,macro_finance,宏观规划与财政资源配置,Macro planning and finance,国有资产,1
兰州市大数据社会服务管理局,digital_industry_data,工业信息化与数据治理,"Digital, industry and data",大数据,1
兰州市人力资源和社会保障局,education_talent,教育与人才培养,Education and talent,人力资源,1
兰州市卫生和计划生育委员会,sectoral_public_services,行业应用与公共服务,Sectoral public services,卫生,1
兰州市发展和改革委员会,macro_finance,宏观规划与财政资源配置,Macro planning and finance,发展和改革,1
兰州市教育局,education_talent,教育与人才培养,Education and talent,教育,1
兰州市残疾人联合会,other_unclear,其他或无法判定,Other or unclear,,1
兰州市民政局,sectoral_public_services,行业应用与公共服务,Sectoral public services,民政,1
兰州市财政局,macro_finance,宏观规划与财政资源配置,Macro planning and finance,财政,1
兰州市项目投资评审中心,other_unclear,其他或无法判定,Other or unclear,,1
甘肃省公共资源交易局,other_unclear,其他或无法判定,Other or unclear,,1
甘肃省市场监督管理局,law_regulation_security,法规司法与监管安全,"Law, regulation and security",市场监督,1
甘肃省高等学校工作委员会,education_talent,教育与人才培养,Education and talent,学校,1
中国科学院兰州分院,science_technology,科技创新与科研管理,Science and technology,科学院,1
甘肃省卫生健康委员会,sectoral_public_services,行业应用与公共服务,Sectoral public services,卫生健康,1
甘肃省地震局,sectoral_public_services,行业应用与公共服务,Sectoral public services,地震,1
甘肃省应急管理厅,law_regulation_security,法规司法与监管安全,"Law, regulation and security",应急,1
甘肃省文化和旅游厅,public_science_culture,宣传文化与公众科学,Public science and culture,文化,1
甘肃省林业和草原局,sectoral_public_services,行业应用与公共服务,Sectoral public services,林业,1
甘肃省民政厅,sectoral_public_services,行业应用与公共服务,Sectoral public services,民政,1
甘肃省气象局,sectoral_public_services,行业应用与公共服务,Sectoral public services,气象,1
甘肃省水利厅,sectoral_public_services,行业应用与公共服务,Sectoral public services,水利,1
甘肃省生态环境厅,sectoral_public_services,行业应用与公共服务,Sectoral public services,生态环境,1
甘肃省通信管理局,digital_industry_data,工业信息化与数据治理,"Digital, industry and data",通信管理,1
甘肃省人大(含常委会),law_regulation_security,法规司法与监管安全,"Law, regulation and security",人大,1
三明市商务局,sectoral_public_services,行业应用与公共服务,Sectoral public services,商务,1
中共三明市委教育工委,education_talent,教育与人才培养,Education and talent,教育,1
中共厦门市委员会,party_government_general,党政综合与战略协调,Party-government general,中共,1
福建省国防科技工业办公室,science_technology,科技创新与科研管理,Science and technology,科技,1
厦门市人民防空办公室,other_unclear,其他或无法判定,Other or unclear,,1
厦门市卫生和计划生育委员会,sectoral_public_services,行业应用与公共服务,Sectoral public services,卫生,1
厦门市司法局,law_regulation_security,法规司法与监管安全,"Law, regulation and security",司法,1
宁德市发展和改革委员会,macro_finance,宏观规划与财政资源配置,Macro planning and finance,发展和改革,1
平潭综合实验区管委会,other_unclear,其他或无法判定,Other or unclear,,1
泉州市商务局,sectoral_public_services,行业应用与公共服务,Sectoral public services,商务,1
泉州市人大(含常委会),law_regulation_security,法规司法与监管安全,"Law, regulation and security",人大,1
福州市司法局,law_regulation_security,法规司法与监管安全,"Law, regulation and security",司法,1
中共福州市委宣传部,public_science_culture,宣传文化与公众科学,Public science and culture,宣传,1
中共福州市委文明办,public_science_culture,宣传文化与公众科学,Public science and culture,文明办,1
中共福州市委网络安全和信息化委员会,digital_industry_data,工业信息化与数据治理,"Digital, industry and data",信息化,1
共青团福州市委员会,party_government_general,党政综合与战略协调,Party-government general,市委,1
福州市妇女联合会,public_science_culture,宣传文化与公众科学,Public science and culture,妇女联合会,1
福州市科学技术协会,public_science_culture,宣传文化与公众科学,Public science and culture,科学技术协会,1
福州市自然资源和规划局,sectoral_public_services,行业应用与公共服务,Sectoral public services,自然资源,1
中共福州市委金融委员会办公室,macro_finance,宏观规划与财政资源配置,Macro planning and finance,金融,1
福州市交通运输局,sectoral_public_services,行业应用与公共服务,Sectoral public services,交通,1
福州市商务局,sectoral_public_services,行业应用与公共服务,Sectoral public services,商务,1
福州市城市管理委员会,other_unclear,其他或无法判定,Other or unclear,,1
福州市应急管理局,law_regulation_security,法规司法与监管安全,"Law, regulation and security",应急,1
福州市数据管理局,digital_industry_data,工业信息化与数据治理,"Digital, industry and data",数据,1
福州市文化和旅游局,public_science_culture,宣传文化与公众科学,Public science and culture,文化,1
福州市气象局,sectoral_public_services,行业应用与公共服务,Sectoral public services,气象,1
福州市海洋与渔业局,sectoral_public_services,行业应用与公共服务,Sectoral public services,海洋,1
福州市粮食局,sectoral_public_services,行业应用与公共服务,Sectoral public services,粮食,1
福建省公安厅,law_regulation_security,法规司法与监管安全,"Law, regulation and security",公安,1
福建省国家税务局,macro_finance,宏观规划与财政资源配置,Macro planning and finance,税务,1
福建省地方税务局,macro_finance,宏观规划与财政资源配置,Macro planning and finance,税务,1
福建省统计局,macro_finance,宏观规划与财政资源配置,Macro planning and finance,统计,1
福建省质量技术监督局,law_regulation_security,法规司法与监管安全,"Law, regulation and security",质量技术监督,1
福建省市场监督管理局,law_regulation_security,法规司法与监管安全,"Law, regulation and security",市场监督,1
福建省商务厅,sectoral_public_services,行业应用与公共服务,Sectoral public services,商务,1
福建省外国(海外)专家局,other_unclear,其他或无法判定,Other or unclear,,1
福建省学位委员会,education_talent,教育与人才培养,Education and talent,学位,1
福建省实施农村中小学现代远程教育工程领导小组,education_talent,教育与人才培养,Education and talent,教育,1
福建省人民政府对口支援办公室,sectoral_public_services,行业应用与公共服务,Sectoral public services,民政,1
福建省地方金融监督管理局,macro_finance,宏观规划与财政资源配置,Macro planning and finance,金融,1
福建省海洋与渔业局,sectoral_public_services,行业应用与公共服务,Sectoral public services,海洋,1
福建省生态环境厅,sectoral_public_services,行业应用与公共服务,Sectoral public services,生态环境,1
福建省通信管理局,digital_industry_data,工业信息化与数据治理,"Digital, industry and data",通信管理,1
福建省民族与宗教事务厅,other_unclear,其他或无法判定,Other or unclear,,1
福建省人大(含常委会),law_regulation_security,法规司法与监管安全,"Law, regulation and security",人大,1
福建省知识产权局,law_regulation_security,法规司法与监管安全,"Law, regulation and security",知识产权,1
中共福建省委人才工作领导小组办公室,education_talent,教育与人才培养,Education and talent,人才,1
国家税务总局福建省税务局,macro_finance,宏观规划与财政资源配置,Macro planning and finance,税务,1
福建省审计厅,macro_finance,宏观规划与财政资源配置,Macro planning and finance,审计,1
莆田市发展和改革委员会,macro_finance,宏观规划与财政资源配置,Macro planning and finance,发展和改革,1
龙岩市工业和信息化局,digital_industry_data,工业信息化与数据治理,"Digital, industry and data",工业和信息化,1
北京市东城区人力资源和社会保障局,education_talent,教育与人才培养,Education and talent,人力资源,1
北京市东城区教育委员会,education_talent,教育与人才培养,Education and talent,教育,1
北京市中医药管理局,sectoral_public_services,行业应用与公共服务,Sectoral public services,中医药,1
北京市丰台区人民政府,sectoral_public_services,行业应用与公共服务,Sectoral public services,民政,1
北京市医疗保障局,other_unclear,其他或无法判定,Other or unclear,,1
北京市市场监督管理局,law_regulation_security,法规司法与监管安全,"Law, regulation and security",市场监督,1
北京市商务局,sectoral_public_services,行业应用与公共服务,Sectoral public services,商务,1
北京市园林绿化局（首都绿化委员会办公室）,other_unclear,其他或无法判定,Other or unclear,,1
北京市密云区经济和信息化局,digital_industry_data,工业信息化与数据治理,"Digital, industry and data",经济和信息化,1
北京市就业工作领导小组,other_unclear,其他或无法判定,Other or unclear,,1
北京市平谷区人民政府,sectoral_public_services,行业应用与公共服务,Sectoral public services,民政,1
北京市房山区人民政府,sectoral_public_services,行业应用与公共服务,Sectoral public services,民政,1
北京市文物局,public_science_culture,宣传文化与公众科学,Public science and culture,文物,1
北京市人民检察院,law_regulation_security,法规司法与监管安全,"Law, regulation and security",检察,1
北京市石景山区科学技术委员会,science_technology,科技创新与科研管理,Science and technology,科学技术,1
北京市高级人民法院,law_regulation_security,法规司法与监管安全,"Law, regulation and security",法院,1
北京市朝阳区商务局,sectoral_public_services,行业应用与公共服务,Sectoral public services,商务,1
国家税务总局北京市税务局,macro_finance,宏观规划与财政资源配置,Macro planning and finance,税务,1
中共合肥市委,party_government_general,党政综合与战略协调,Party-government general,中共,1
中共宣城市委,party_government_general,党政综合与战略协调,Party-government general,中共,1
中共淮北市委,party_government_general,党政综合与战略协调,Party-government general,中共,1
中共滁州市委员会,party_government_general,党政综合与战略协调,Party-government general,中共,1
亳州市发展和改革委员会,macro_finance,宏观规划与财政资源配置,Macro planning and finance,发展和改革,1
六安市人民政府,sectoral_public_services,行业应用与公共服务,Sectoral public services,民政,1
合肥市人力资源和社会保障局,education_talent,教育与人才培养,Education and talent,人力资源,1
合肥市文化和旅游局,public_science_culture,宣传文化与公众科学,Public science and culture,文化,1
合肥市粮食局,sectoral_public_services,行业应用与公共服务,Sectoral public services,粮食,1
安徽省人民防空办公室,other_unclear,其他或无法判定,Other or unclear,,1
安徽省加快建设“数字江淮”工作领导小组,digital_industry_data,工业信息化与数据治理,"Digital, industry and data",数字,1
中共安徽省委机构编制委员会办公室,party_government_general,党政综合与战略协调,Party-government general,中共,1
安徽省教育改革和发展规划纲要领导小组,education_talent,教育与人才培养,Education and talent,教育,1
安徽省教育系统新型冠状病毒感染的肺炎疫情防控工作领导小组,education_talent,教育与人才培养,Education and talent,教育,1
中共安徽省委金融委员会办公室,macro_finance,宏观规划与财政资源配置,Macro planning and finance,金融,1
中国人民银行安徽省分行,macro_finance,宏观规划与财政资源配置,Macro planning and finance,人民银行,1
安徽省医疗保障局,other_unclear,其他或无法判定,Other or unclear,,1
安徽省商务厅,sectoral_public_services,行业应用与公共服务,Sectoral public services,商务,1
安徽省工业和信息化厅,digital_industry_data,工业信息化与数据治理,"Digital, industry and data",工业和信息化,1
安徽省应急管理厅,law_regulation_security,法规司法与监管安全,"Law, regulation and security",应急,1
安徽省数据资源管理局,digital_industry_data,工业信息化与数据治理,"Digital, industry and data",数据,1
安徽省气象局,sectoral_public_services,行业应用与公共服务,Sectoral public services,气象,1
安徽省生态环境厅,sectoral_public_services,行业应用与公共服务,Sectoral public services,生态环境,1
中共安徽省委组织部,party_government_general,党政综合与战略协调,Party-government general,中共,1
安徽省粮食局,sectoral_public_services,行业应用与公共服务,Sectoral public services,粮食,1
安徽省地方金融监督管理局,macro_finance,宏观规划与财政资源配置,Macro planning and finance,金融,1
宿州市发展和改革委,macro_finance,宏观规划与财政资源配置,Macro planning and finance,发展和改革,1
淮北市科学技术局,science_technology,科技创新与科研管理,Science and technology,科学技术,1
淮南市人力资源和社会保障局,education_talent,教育与人才培养,Education and talent,人力资源,1
淮南市经济和信息化委员会,digital_industry_data,工业信息化与数据治理,"Digital, industry and data",经济和信息化,1
阜阳市卫生健康委员会,sectoral_public_services,行业应用与公共服务,Sectoral public services,卫生健康,1
中国外汇交易中心暨全国银行间同业拆借中心,other_unclear,其他或无法判定,Other or unclear,,1
中国生物技术发展中心,science_technology,科技创新与科研管理,Science and technology,生物技术发展中心,1
中国科普研究所,other_unclear,其他或无法判定,Other or unclear,,1
中国网络安全审查技术与认证中心,digital_industry_data,工业信息化与数据治理,"Digital, industry and data",网络安全,1
人事部(已撤销),other_unclear,其他或无法判定,Other or unclear,,1
中国外文出版发行事业局,other_unclear,其他或无法判定,Other or unclear,,1
信息产业部(含邮电部)(已撤销),other_unclear,其他或无法判定,Other or unclear,,1
全国人大财政经济委员会,macro_finance,宏观规划与财政资源配置,Macro planning and finance,财政,1
国务院应对新型冠状病毒肺炎疫情联防联控机制综合组,party_government_general,党政综合与战略协调,Party-government general,国务院,1
国务院知识产权战略实施工作部际联席会议办公室,law_regulation_security,法规司法与监管安全,"Law, regulation and security",知识产权,1
国家中长期教育改革和发展规划纲要工作小组办公室,education_talent,教育与人才培养,Education and talent,教育,1
国家密码管理局,other_unclear,其他或无法判定,Other or unclear,,1
国家宗教事务局(原国务院宗教事务局)(留牌已撤销),party_government_general,党政综合与战略协调,Party-government general,国务院,1
国家知识产权强国建设工作部际联席会议办公室,law_regulation_security,法规司法与监管安全,"Law, regulation and security",知识产权,1
国家科技基础条件平台中心,science_technology,科技创新与科研管理,Science and technology,科技,1
国家统计局,macro_finance,宏观规划与财政资源配置,Macro planning and finance,统计,1
国家原子能机构,other_unclear,其他或无法判定,Other or unclear,,1
国家安全生产监督管理总局(原国家安全生产监督管理局)(已撤销),law_regulation_security,法规司法与监管安全,"Law, regulation and security",安全,1
建设部(已撤销),other_unclear,其他或无法判定,Other or unclear,,1
国家语言文字工作委员会(原中国文字改革委员会),education_talent,教育与人才培养,Education and talent,语言文字,1
中国土地估价师与土地登记代理人协会,other_unclear,其他或无法判定,Other or unclear,,1
中国房地产估价师与房地产经纪人学会,other_unclear,其他或无法判定,Other or unclear,,1
中国珠宝玉石首饰行业协会,other_unclear,其他或无法判定,Other or unclear,,1
中国矿业权评估师协会,other_unclear,其他或无法判定,Other or unclear,,1
中国资产评估协会,macro_finance,宏观规划与财政资源配置,Macro planning and finance,国资,1
中共中央政法委员会,party_government_general,党政综合与战略协调,Party-government general,中共,1
深圳证券交易所,other_unclear,其他或无法判定,Other or unclear,,1
国家环境保护总局（含国家环境保护局）(已撤销),sectoral_public_services,行业应用与公共服务,Sectoral public services,环境保护,1
全国供销合作总社,other_unclear,其他或无法判定,Other or unclear,,1
国家开发银行,other_unclear,其他或无法判定,Other or unclear,,1
国家经济贸易委员会(已变更),other_unclear,其他或无法判定,Other or unclear,,1
重庆两江新区科技创新局,science_technology,科技创新与科研管理,Science and technology,科技,1
重庆市金融工作局,macro_finance,宏观规划与财政资源配置,Macro planning and finance,金融,1
重庆市体育局,sectoral_public_services,行业应用与公共服务,Sectoral public services,体育,1
重庆市信息产业局,other_unclear,其他或无法判定,Other or unclear,,1
重庆市农业局,sectoral_public_services,行业应用与公共服务,Sectoral public services,农业,1
重庆市民政局,sectoral_public_services,行业应用与公共服务,Sectoral public services,民政,1
重庆市机构编制委员会,other_unclear,其他或无法判定,Other or unclear,,1
重庆市农业农村委员会,sectoral_public_services,行业应用与公共服务,Sectoral public services,农业,1
重庆市城市管理局,other_unclear,其他或无法判定,Other or unclear,,1
重庆市应急管理局,law_regulation_security,法规司法与监管安全,"Law, regulation and security",应急,1
重庆市水利局,sectoral_public_services,行业应用与公共服务,Sectoral public services,水利,1
重庆市生态环境局,sectoral_public_services,行业应用与公共服务,Sectoral public services,生态环境,1
重庆市规划和自然资源局,sectoral_public_services,行业应用与公共服务,Sectoral public services,自然资源,1
重庆市工商行政管理局,law_regulation_security,法规司法与监管安全,"Law, regulation and security",工商行政,1
重庆市科技奖励工作办公室,science_technology,科技创新与科研管理,Science and technology,科技,1
重庆市道路运输管理局,other_unclear,其他或无法判定,Other or unclear,,1
重庆市高新技术企业认定管理机构办公室,other_unclear,其他或无法判定,Other or unclear,,1
中共宁波市委教育工作委员会,education_talent,教育与人才培养,Education and talent,教育,1
宁波市统计局,macro_finance,宏观规划与财政资源配置,Macro planning and finance,统计,1
临海市人民政府,sectoral_public_services,行业应用与公共服务,Sectoral public services,民政,1
丽水市农业农村局,sectoral_public_services,行业应用与公共服务,Sectoral public services,农业,1
丽水市农业和农村工作领导小组办公室,sectoral_public_services,行业应用与公共服务,Sectoral public services,农业,1
乐清市教育局,education_talent,教育与人才培养,Education and talent,教育,1
台州市国有资产监督管理委员会,macro_finance,宏观规划与财政资源配置,Macro planning and finance,国有资产,1
台州市黄岩区人民政府,sectoral_public_services,行业应用与公共服务,Sectoral public services,民政,1
嘉兴市南湖区卫生健康局,sectoral_public_services,行业应用与公共服务,Sectoral public services,卫生健康,1
宁波市住房和城乡建设委员会,sectoral_public_services,行业应用与公共服务,Sectoral public services,住房,1
宁波市住房和城乡建设局,sectoral_public_services,行业应用与公共服务,Sectoral public services,住房,1
中共宁波市委老干部局,party_government_general,党政综合与战略协调,Party-government general,中共,1
宁波市海曙区人民政府,sectoral_public_services,行业应用与公共服务,Sectoral public services,民政,1
宁波市鄞州区人民政府,sectoral_public_services,行业应用与公共服务,Sectoral public services,民政,1
平湖市人民政府,sectoral_public_services,行业应用与公共服务,Sectoral public services,民政,1
平阳县教育局,education_talent,教育与人才培养,Education and talent,教育,1
德清县科学技术局,science_technology,科技创新与科研管理,Science and technology,科学技术,1
景宁畲族自治县人民政府,sectoral_public_services,行业应用与公共服务,Sectoral public services,民政,1
杭州市江干区民政局,sectoral_public_services,行业应用与公共服务,Sectoral public services,民政,1
杭州市体育局,sectoral_public_services,行业应用与公共服务,Sectoral public services,体育,1
杭州市商务局,sectoral_public_services,行业应用与公共服务,Sectoral public services,商务,1
杭州市数据资源管理局,digital_industry_data,工业信息化与数据治理,"Digital, industry and data",数据,1
杭州市科学技术协会,public_science_culture,宣传文化与公众科学,Public science and culture,科学技术协会,1
杭州市萧山区民政局,sectoral_public_services,行业应用与公共服务,Sectoral public services,民政,1
松阳县人民政府,sectoral_public_services,行业应用与公共服务,Sectoral public services,民政,1
桐乡市卫生健康局,sectoral_public_services,行业应用与公共服务,Sectoral public services,卫生健康,1
江山市人民政府,sectoral_public_services,行业应用与公共服务,Sectoral public services,民政,1
浙江省人事厅,other_unclear,其他或无法判定,Other or unclear,,1
浙江省信息产业厅,other_unclear,其他或无法判定,Other or unclear,,1
浙江省公安厅,law_regulation_security,法规司法与监管安全,"Law, regulation and security",公安,1
浙江省禁毒委员会,other_unclear,其他或无法判定,Other or unclear,,1
浙江省人民政府纠正行业不正之风办公室,sectoral_public_services,行业应用与公共服务,Sectoral public services,民政,1
浙江省审计厅,macro_finance,宏观规划与财政资源配置,Macro planning and finance,审计,1
浙江省新闻出版广电局(原浙江省新闻出版局),public_science_culture,宣传文化与公众科学,Public science and culture,新闻出版,1
浙江省物价局,other_unclear,其他或无法判定,Other or unclear,,1
国家税务总局浙江省税务局,macro_finance,宏观规划与财政资源配置,Macro planning and finance,税务,1
浙江省人民政府国有资产监督管理委员会,macro_finance,宏观规划与财政资源配置,Macro planning and finance,国有资产,1
浙江省科技体制改革和创新体系建设领导小组,science_technology,科技创新与科研管理,Science and technology,科技,1
浙江省职业教育工作联席会议办公室,education_talent,教育与人才培养,Education and talent,教育,1
浙江省语言文字工作委员会,education_talent,教育与人才培养,Education and talent,语言文字,1
浙江省林业局,sectoral_public_services,行业应用与公共服务,Sectoral public services,林业,1
浦江县人民政府,sectoral_public_services,行业应用与公共服务,Sectoral public services,民政,1
海宁市科学技术局,science_technology,科技创新与科研管理,Science and technology,科学技术,1
温州市社区教育工作领导小组办公室,education_talent,教育与人才培养,Education and talent,教育,1
温州市洞头区财政局,macro_finance,宏观规划与财政资源配置,Macro planning and finance,财政,1
温州市鹿城区教育局,education_talent,教育与人才培养,Education and talent,教育,1
湖州市南浔区民政局,sectoral_public_services,行业应用与公共服务,Sectoral public services,民政,1
湖州市交通运输局,sectoral_public_services,行业应用与公共服务,Sectoral public services,交通,1
湖州市住房和城乡建设局,sectoral_public_services,行业应用与公共服务,Sectoral public services,住房,1
湖州市科学技术局,science_technology,科技创新与科研管理,Science and technology,科学技术,1
湖州市经济和信息化局,digital_industry_data,工业信息化与数据治理,"Digital, industry and data",经济和信息化,1
湖州市财政局,macro_finance,宏观规划与财政资源配置,Macro planning and finance,财政,1
湖州市教育科学研究中心,education_talent,教育与人才培养,Education and talent,教育,1
玉环市科学技术局,science_technology,科技创新与科研管理,Science and technology,科学技术,1
玉环市财政局,macro_finance,宏观规划与财政资源配置,Macro planning and finance,财政,1
绍兴市教育局,education_talent,教育与人才培养,Education and talent,教育,1
苍南县教育局,education_talent,教育与人才培养,Education and talent,教育,1
苍南县科学技术局,science_technology,科技创新与科研管理,Science and technology,科学技术,1
苍南县财政局,macro_finance,宏观规划与财政资源配置,Macro planning and finance,财政,1
丽水市莲都区其他机构,other_unclear,其他或无法判定,Other or unclear,,1
衢州市农业农村局,sectoral_public_services,行业应用与公共服务,Sectoral public services,农业,1
衢州市大数据发展管理局,digital_industry_data,工业信息化与数据治理,"Digital, industry and data",大数据,1
衢州市教育局,education_talent,教育与人才培养,Education and talent,教育,1
衢州市柯城区人民政府,sectoral_public_services,行业应用与公共服务,Sectoral public services,民政,1
衢州市柯城区科学技术局,science_technology,科技创新与科研管理,Science and technology,科学技术,1
金华市财政局,macro_finance,宏观规划与财政资源配置,Macro planning and finance,财政,1
金华市金东区人民政府,sectoral_public_services,行业应用与公共服务,Sectoral public services,民政,1
中共普洱市委教育工作领导小组,education_talent,教育与人才培养,Education and talent,教育,1
云南省人民政府国有资产监督管理委员会,macro_finance,宏观规划与财政资源配置,Macro planning and finance,国有资产,1
云南省招商合作局,other_unclear,其他或无法判定,Other or unclear,,1
中国人民银行云南省分行,macro_finance,宏观规划与财政资源配置,Macro planning and finance,人民银行,1
云南省交通运输厅,sectoral_public_services,行业应用与公共服务,Sectoral public services,交通,1
云南省应急管理厅,law_regulation_security,法规司法与监管安全,"Law, regulation and security",应急,1
云南省文化和旅游厅,public_science_culture,宣传文化与公众科学,Public science and culture,文化,1
云南省气象局,sectoral_public_services,行业应用与公共服务,Sectoral public services,气象,1
云南省水利厅,sectoral_public_services,行业应用与公共服务,Sectoral public services,水利,1
云南省能源局,sectoral_public_services,行业应用与公共服务,Sectoral public services,能源,1
文山壮族苗族自治州人大(含常委会),law_regulation_security,法规司法与监管安全,"Law, regulation and security",人大,1
昆明市教育局,education_talent,教育与人才培养,Education and talent,教育,1
楚雄州住房和城乡建设局,sectoral_public_services,行业应用与公共服务,Sectoral public services,住房,1
乌鲁木齐市人大(含常委会),law_regulation_security,法规司法与监管安全,"Law, regulation and security",人大,1
克孜勒苏柯尔克孜自治州人民政府,sectoral_public_services,行业应用与公共服务,Sectoral public services,民政,1
新疆生产建设兵团工业和信息化局,digital_industry_data,工业信息化与数据治理,"Digital, industry and data",工业和信息化,1
和田地区行政公署,other_unclear,其他或无法判定,Other or unclear,,1
哈密市科学技术局,science_technology,科技创新与科研管理,Science and technology,科学技术,1
巴里坤哈萨克自治县人民政府,sectoral_public_services,行业应用与公共服务,Sectoral public services,民政,1
巴音郭楞蒙古自治州人民政府,sectoral_public_services,行业应用与公共服务,Sectoral public services,民政,1
中共新疆维吾尔自治区委员会宣传部,public_science_culture,宣传文化与公众科学,Public science and culture,宣传,1
新疆维吾尔自治区工业和信息化厅,digital_industry_data,工业信息化与数据治理,"Digital, industry and data",工业和信息化,1
新疆维吾尔自治区财政厅,macro_finance,宏观规划与财政资源配置,Macro planning and finance,财政,1
木垒哈萨克自治县人民政府,sectoral_public_services,行业应用与公共服务,Sectoral public services,民政,1
拉萨市统计局,macro_finance,宏观规划与财政资源配置,Macro planning and finance,统计,1
拉萨市科技局,science_technology,科技创新与科研管理,Science and technology,科技,1
昌都市人民政府,sectoral_public_services,行业应用与公共服务,Sectoral public services,民政,1
国家统计局天津调查总队,macro_finance,宏观规划与财政资源配置,Macro planning and finance,统计,1
天津市统计局,macro_finance,宏观规划与财政资源配置,Macro planning and finance,统计,1
中共天津市委教育工委,education_talent,教育与人才培养,Education and talent,教育,1
天津市机构编制委员会,other_unclear,其他或无法判定,Other or unclear,,1
中国（天津）自由贸易试验区管理委员会,other_unclear,其他或无法判定,Other or unclear,,1
天津市商务局,sectoral_public_services,行业应用与公共服务,Sectoral public services,商务,1
天津市宁河区人民政府,sectoral_public_services,行业应用与公共服务,Sectoral public services,民政,1
天津市市场监督管理委员会,law_regulation_security,法规司法与监管安全,"Law, regulation and security",市场监督,1
天津市应急管理局,law_regulation_security,法规司法与监管安全,"Law, regulation and security",应急,1
天津市退役军人事务局,other_unclear,其他或无法判定,Other or unclear,,1
天津市滨海新区其他机构,other_unclear,其他或无法判定,Other or unclear,,1
天津市滨海新区财政局,macro_finance,宏观规划与财政资源配置,Macro planning and finance,财政,1
中共四川省委组织部,party_government_general,党政综合与战略协调,Party-government general,中共,1
中共成都市金融工作办公室委员会,macro_finance,宏观规划与财政资源配置,Macro planning and finance,金融,1
成都市住房和城乡建设局,sectoral_public_services,行业应用与公共服务,Sectoral public services,住房,1
成都市商务局,sectoral_public_services,行业应用与公共服务,Sectoral public services,商务,1
成都市统计局,macro_finance,宏观规划与财政资源配置,Macro planning and finance,统计,1
成都市国有资产监督管理委员会,macro_finance,宏观规划与财政资源配置,Macro planning and finance,国有资产,1
中共成都市委宣传部,public_science_culture,宣传文化与公众科学,Public science and culture,宣传,1
成都市科学技术协会,public_science_culture,宣传文化与公众科学,Public science and culture,科学技术协会,1
甘孜藏族自治州人民政府,sectoral_public_services,行业应用与公共服务,Sectoral public services,民政,1
遂宁市河东新区管理委员会,other_unclear,其他或无法判定,Other or unclear,,1
遂宁市科学技术局,science_technology,科技创新与科研管理,Science and technology,科学技术,1
遂宁市财政局,macro_finance,宏观规划与财政资源配置,Macro planning and finance,财政,1
邛崃市人民政府,sectoral_public_services,行业应用与公共服务,Sectoral public services,民政,1
都江堰市人民政府,sectoral_public_services,行业应用与公共服务,Sectoral public services,民政,1
上海市中医药发展办公室,sectoral_public_services,行业应用与公共服务,Sectoral public services,中医药,1
上海市卫生局,sectoral_public_services,行业应用与公共服务,Sectoral public services,卫生,1
上海市徐汇区人民政府,sectoral_public_services,行业应用与公共服务,Sectoral public services,民政,1
上海市人民政府教育督导室,education_talent,教育与人才培养,Education and talent,教育,1
上海市学习型社会建设与终身教育促进委员会办公室,education_talent,教育与人才培养,Education and talent,教育,1
中共上海市委机构编制委员会办公室,party_government_general,党政综合与战略协调,Party-government general,中共,1
上海市旅游事业管理委员会,public_science_culture,宣传文化与公众科学,Public science and culture,旅游,1
上海市松江区人民政府,sectoral_public_services,行业应用与公共服务,Sectoral public services,民政,1
上海市浦东新区科技和经济委员会,science_technology,科技创新与科研管理,Science and technology,科技,1
上海市地方税务局,macro_finance,宏观规划与财政资源配置,Macro planning and finance,税务,1
上海市新闻出版局,public_science_culture,宣传文化与公众科学,Public science and culture,新闻出版,1
上海市知识产权局,law_regulation_security,法规司法与监管安全,"Law, regulation and security",知识产权,1
上海市金融服务办公室,macro_finance,宏观规划与财政资源配置,Macro planning and finance,金融,1
中共上海市委宣传部,public_science_culture,宣传文化与公众科学,Public science and culture,宣传,1
上海科技节组委会办公室,science_technology,科技创新与科研管理,Science and technology,科技,1
上海市教育卫生工作委员会,education_talent,教育与人才培养,Education and talent,教育,1
上海市科技教育委员会,science_technology,科技创新与科研管理,Science and technology,科技,1
上海市杨浦区文化和旅游局,public_science_culture,宣传文化与公众科学,Public science and culture,文化,1
中共静安区委,party_government_general,党政综合与战略协调,Party-government general,中共,1
中共西安市委依法治市工作领导小组办公室,party_government_general,党政综合与战略协调,Party-government general,中共,1
西安市司法局,law_regulation_security,法规司法与监管安全,"Law, regulation and security",司法,1
中共西安市教育局委员会,education_talent,教育与人才培养,Education and talent,教育,1
中共西安市雁塔区委,party_government_general,党政综合与战略协调,Party-government general,中共,1
西安市雁塔区人民政府,sectoral_public_services,行业应用与公共服务,Sectoral public services,民政,1
咸阳市人大(含常委会),law_regulation_security,法规司法与监管安全,"Law, regulation and security",人大,1
安康市人大(含常委会),law_regulation_security,法规司法与监管安全,"Law, regulation and security",人大,1
西安市人事局,other_unclear,其他或无法判定,Other or unclear,,1
中共西安市委宣传部,public_science_culture,宣传文化与公众科学,Public science and culture,宣传,1
中共西安市委网信办,digital_industry_data,工业信息化与数据治理,"Digital, industry and data",网信,1
共青团西安市委员会,party_government_general,党政综合与战略协调,Party-government general,市委,1
西安市农业农村局,sectoral_public_services,行业应用与公共服务,Sectoral public services,农业,1
西安市少工委,other_unclear,其他或无法判定,Other or unclear,,1
西安市工业和信息化局,digital_industry_data,工业信息化与数据治理,"Digital, industry and data",工业和信息化,1
西安市文物局,public_science_culture,宣传文化与公众科学,Public science and culture,文物,1
西安市生态环境局,sectoral_public_services,行业应用与公共服务,Sectoral public services,生态环境,1
西安市科学技术协会,public_science_culture,宣传文化与公众科学,Public science and culture,科学技术协会,1
陕西省交通运输厅,sectoral_public_services,行业应用与公共服务,Sectoral public services,交通,1
陕西省实施放心粮油全覆盖工程领导小组办公室,other_unclear,其他或无法判定,Other or unclear,,1
陕西省扶贫开发办公室,other_unclear,其他或无法判定,Other or unclear,,1
陕西省工商业联合会,other_unclear,其他或无法判定,Other or unclear,,1
陕西省自然资源厅,sectoral_public_services,行业应用与公共服务,Sectoral public services,自然资源,1
陕西省西咸新区党政办公室,other_unclear,其他或无法判定,Other or unclear,,1
中共晋城市委组织部,party_government_general,党政综合与战略协调,Party-government general,中共,1
太原市尖草坪区人民政府,sectoral_public_services,行业应用与公共服务,Sectoral public services,民政,1
中共大同市委宣传部,public_science_culture,宣传文化与公众科学,Public science and culture,宣传,1
大同市科学技术协会,public_science_culture,宣传文化与公众科学,Public science and culture,科学技术协会,1
大同市科学技术局,science_technology,科技创新与科研管理,Science and technology,科学技术,1
太原市卫生健康委员会,sectoral_public_services,行业应用与公共服务,Sectoral public services,卫生健康,1
太原市民政局,sectoral_public_services,行业应用与公共服务,Sectoral public services,民政,1
太原市终身教育与学习型社会建设促进委员会,education_talent,教育与人才培养,Education and talent,教育,1
山西省中小企业局,other_unclear,其他或无法判定,Other or unclear,,1
中国银行保险监督管理委员会山西监管局,macro_finance,宏观规划与财政资源配置,Macro planning and finance,银行保险监督,1
山西省农业农村厅,sectoral_public_services,行业应用与公共服务,Sectoral public services,农业,1
山西省退役军人事务厅,other_unclear,其他或无法判定,Other or unclear,,1
山西省教育体制改革领导小组,education_talent,教育与人才培养,Education and talent,教育,1
山西省学位委员会,education_talent,教育与人才培养,Education and talent,学位,1
山西省水利厅,sectoral_public_services,行业应用与公共服务,Sectoral public services,水利,1
山西省脱贫攻坚领导小组,other_unclear,其他或无法判定,Other or unclear,,1
山西科学传播年度评选活动组委会,other_unclear,其他或无法判定,Other or unclear,,1
东营市教育局,education_talent,教育与人才培养,Education and talent,教育,1
东营市财政局,macro_finance,宏观规划与财政资源配置,Macro planning and finance,财政,1
中共德州市委,party_government_general,党政综合与战略协调,Party-government general,中共,1
济南市科学技术协会,public_science_culture,宣传文化与公众科学,Public science and culture,科学技术协会,1
中共济南市委教育工委,education_talent,教育与人才培养,Education and talent,教育,1
中共济南市委组织部,party_government_general,党政综合与战略协调,Party-government general,中共,1
济南市财政局,macro_finance,宏观规划与财政资源配置,Macro planning and finance,财政,1
中共淄博市委教育工委,education_talent,教育与人才培养,Education and talent,教育,1
临沂市人大(含常委会),law_regulation_security,法规司法与监管安全,"Law, regulation and security",人大,1
山东省农业厅,sectoral_public_services,行业应用与公共服务,Sectoral public services,农业,1
山东省卫生和计划生育委员会,sectoral_public_services,行业应用与公共服务,Sectoral public services,卫生,1
中共山东省委教育工委,education_talent,教育与人才培养,Education and talent,教育,1
山东省经济贸易委员会,other_unclear,其他或无法判定,Other or unclear,,1
山东省地方税务局,macro_finance,宏观规划与财政资源配置,Macro planning and finance,税务,1
山东省安全生产监督管理局,law_regulation_security,法规司法与监管安全,"Law, regulation and security",安全,1
山东省生态环境厅,sectoral_public_services,行业应用与公共服务,Sectoral public services,生态环境,1
中国保险监督管理委员会山东监管局,other_unclear,其他或无法判定,Other or unclear,,1
日照市人大(含常委会),law_regulation_security,法规司法与监管安全,"Law, regulation and security",人大,1
枣庄市农业农村局,sectoral_public_services,行业应用与公共服务,Sectoral public services,农业,1
济南市卫生健康委员会,sectoral_public_services,行业应用与公共服务,Sectoral public services,卫生健康,1
淄博市委统筹疫情防控和经济运行工作领导小组（指挥部）办公室,party_government_general,党政综合与战略协调,Party-government general,市委,1
中国人民银行淄博市中心支行,macro_finance,宏观规划与财政资源配置,Macro planning and finance,人民银行,1
淄博市发展和改革委员会,macro_finance,宏观规划与财政资源配置,Macro planning and finance,发展和改革,1
淄博市经济和信息化委员会,digital_industry_data,工业信息化与数据治理,"Digital, industry and data",经济和信息化,1
淄博市财政局,macro_finance,宏观规划与财政资源配置,Macro planning and finance,财政,1
滨州市科学技术局,science_technology,科技创新与科研管理,Science and technology,科学技术,1
潍坊市人大(含常委会),law_regulation_security,法规司法与监管安全,"Law, regulation and security",人大,1
潍坊市教育局,education_talent,教育与人才培养,Education and talent,教育,1
青岛市农业委员会,sectoral_public_services,行业应用与公共服务,Sectoral public services,农业,1
青岛市审计局,macro_finance,宏观规划与财政资源配置,Macro planning and finance,审计,1
青岛市发展和改革委员会,macro_finance,宏观规划与财政资源配置,Macro planning and finance,发展和改革,1
青岛市海洋与渔业局,sectoral_public_services,行业应用与公共服务,Sectoral public services,海洋,1
海东地区行政公署办公室,other_unclear,其他或无法判定,Other or unclear,,1
青海省市场监督管理局,law_regulation_security,法规司法与监管安全,"Law, regulation and security",市场监督,1
青海省数据局,digital_industry_data,工业信息化与数据治理,"Digital, industry and data",数据,1
中共宁夏区委人才工作领导小组办公室,education_talent,教育与人才培养,Education and talent,人才,1
中共银川市委教育工作领导小组,education_talent,教育与人才培养,Education and talent,教育,1
宁夏制造强区建设领导小组,other_unclear,其他或无法判定,Other or unclear,,1
宁夏回族自治区人才工作领导小组办公室,education_talent,教育与人才培养,Education and talent,人才,1
宁夏回族自治区广播电视局,public_science_culture,宣传文化与公众科学,Public science and culture,广播电视,1
银川市大数据产业发展服务中心,digital_industry_data,工业信息化与数据治理,"Digital, industry and data",大数据,1
银川市工业和信息化局,digital_industry_data,工业信息化与数据治理,"Digital, industry and data",工业和信息化,1
中共乌兰察布市委,party_government_general,党政综合与战略协调,Party-government general,中共,1
中共内蒙古自治区委员会宣传部,public_science_culture,宣传文化与公众科学,Public science and culture,宣传,1
内蒙古自治区国防科学技术工业办公室,science_technology,科技创新与科研管理,Science and technology,科学技术,1
中共包头市委,party_government_general,党政综合与战略协调,Party-government general,中共,1
兴安盟行政公署,other_unclear,其他或无法判定,Other or unclear,,1
内蒙古自治区人大(含常委会),law_regulation_security,法规司法与监管安全,"Law, regulation and security",人大,1
内蒙古自治区人力资源和社会保障厅,education_talent,教育与人才培养,Education and talent,人力资源,1
内蒙古自治区农牧业厅,other_unclear,其他或无法判定,Other or unclear,,1
包头市科学技术局,science_technology,科技创新与科研管理,Science and technology,科学技术,1
呼伦贝尔市人力资源和社会保障局,education_talent,教育与人才培养,Education and talent,人力资源,1
呼伦贝尔市住房和城乡建设局,sectoral_public_services,行业应用与公共服务,Sectoral public services,住房,1
呼伦贝尔市发展和改革委员会,macro_finance,宏观规划与财政资源配置,Macro planning and finance,发展和改革,1
呼伦贝尔市教育局,education_talent,教育与人才培养,Education and talent,教育,1
呼伦贝尔市机构编制委员会办公室,other_unclear,其他或无法判定,Other or unclear,,1
呼伦贝尔市自然资源局,sectoral_public_services,行业应用与公共服务,Sectoral public services,自然资源,1
呼伦贝尔市财政局,macro_finance,宏观规划与财政资源配置,Macro planning and finance,财政,1
呼和浩特市工业和信息化局,digital_industry_data,工业信息化与数据治理,"Digital, industry and data",工业和信息化,1
莫力达瓦达斡尔族自治旗人大(含常委会),law_regulation_security,法规司法与监管安全,"Law, regulation and security",人大,1
赤峰市人民政府,sectoral_public_services,行业应用与公共服务,Sectoral public services,民政,1
鄂尔多斯市科学技术局,science_technology,科技创新与科研管理,Science and technology,科学技术,1
中共沈阳市委,party_government_general,党政综合与战略协调,Party-government general,中共,1
大连市商务局,sectoral_public_services,行业应用与公共服务,Sectoral public services,商务,1
大连市人大(含常委会),law_regulation_security,法规司法与监管安全,"Law, regulation and security",人大,1
抚顺市人力资源和社会保障局,education_talent,教育与人才培养,Education and talent,人力资源,1
沈阳市文化旅游和广播电视局,public_science_culture,宣传文化与公众科学,Public science and culture,文化,1
沈阳市财政局,macro_finance,宏观规划与财政资源配置,Macro planning and finance,财政,1
中国银行保险监督管理委员会辽宁监管局,macro_finance,宏观规划与财政资源配置,Macro planning and finance,银行保险监督,1
辽宁省退役军人事务厅,other_unclear,其他或无法判定,Other or unclear,,1
辽宁省农村经济委员会,sectoral_public_services,行业应用与公共服务,Sectoral public services,农村,1
辽宁省卫生健康委员会,sectoral_public_services,行业应用与公共服务,Sectoral public services,卫生健康,1
铁岭市教育局,education_talent,教育与人才培养,Education and talent,教育,1
鞍山市科学技术协会,public_science_culture,宣传文化与公众科学,Public science and culture,科学技术协会,1
中共吉安市委办公室,party_government_general,党政综合与战略协调,Party-government general,中共,1
中共赣州市委,party_government_general,党政综合与战略协调,Party-government general,中共,1
九江市科学技术局,science_technology,科技创新与科研管理,Science and technology,科学技术,1
中国共产主义青年团江西省委员会,party_government_general,党政综合与战略协调,Party-government general,省委,1
宜春市教育体育局,education_talent,教育与人才培养,Education and talent,教育,1
江西省中医药管理局,sectoral_public_services,行业应用与公共服务,Sectoral public services,中医药,1
江西省疾病预防控制局,other_unclear,其他或无法判定,Other or unclear,,1
中国证券监督管理委员会江西监管局,macro_finance,宏观规划与财政资源配置,Macro planning and finance,证券监督,1
国家金融监督管理总局江西监管局,macro_finance,宏观规划与财政资源配置,Macro planning and finance,金融,1
江西省工业强省建设工作领导小组办公室,other_unclear,其他或无法判定,Other or unclear,,1
江西省文化厅,public_science_culture,宣传文化与公众科学,Public science and culture,文化,1
江西省电化教育馆,education_talent,教育与人才培养,Education and talent,教育,1
江西省科学院,science_technology,科技创新与科研管理,Science and technology,科学院,1
江西省人民政府国有资产监督管理委员会,macro_finance,宏观规划与财政资源配置,Macro planning and finance,国有资产,1
赣州市人民政府金融工作办公室,macro_finance,宏观规划与财政资源配置,Macro planning and finance,金融,1
赣州市发展和改革委员会,macro_finance,宏观规划与财政资源配置,Macro planning and finance,发展和改革,1
南京市中级人民法院,law_regulation_security,法规司法与监管安全,"Law, regulation and security",法院,1
中共扬州市委教育工作委员会,education_talent,教育与人才培养,Education and talent,教育,1
中共无锡市委教育工作委员会,education_talent,教育与人才培养,Education and talent,教育,1
中共淮安市委,party_government_general,党政综合与战略协调,Party-government general,中共,1
中共苏州市委员会,party_government_general,党政综合与战略协调,Party-government general,中共,1
淮安市淮阴区人民政府,sectoral_public_services,行业应用与公共服务,Sectoral public services,民政,1
南京市国家科技体制综合改革试点城市领导小组,science_technology,科技创新与科研管理,Science and technology,科技,1
南京市人力资源和社会保障局,education_talent,教育与人才培养,Education and talent,人力资源,1
南京市发展和改革委员会,macro_finance,宏观规划与财政资源配置,Macro planning and finance,发展和改革,1
南京市江宁区人民政府,sectoral_public_services,行业应用与公共服务,Sectoral public services,民政,1
太仓市教育局,education_talent,教育与人才培养,Education and talent,教育,1
宿迁市卫生健康委员会,sectoral_public_services,行业应用与公共服务,Sectoral public services,卫生健康,1
宿迁市发展和改革委员会,macro_finance,宏观规划与财政资源配置,Macro planning and finance,发展和改革,1
宿迁市应急管理局,law_regulation_security,法规司法与监管安全,"Law, regulation and security",应急,1
宿迁市教育局,education_talent,教育与人才培养,Education and talent,教育,1
宿迁市数据局,digital_industry_data,工业信息化与数据治理,"Digital, industry and data",数据,1
宿迁市知识产权局,law_regulation_security,法规司法与监管安全,"Law, regulation and security",知识产权,1
射阳县人民政府,sectoral_public_services,行业应用与公共服务,Sectoral public services,民政,1
中共常州市委教育工作委员会,education_talent,教育与人才培养,Education and talent,教育,1
常州市工业和信息化局,digital_industry_data,工业信息化与数据治理,"Digital, industry and data",工业和信息化,1
徐州市发展和改革委员会,macro_finance,宏观规划与财政资源配置,Macro planning and finance,发展和改革,1
徐州市生态环境局,sectoral_public_services,行业应用与公共服务,Sectoral public services,生态环境,1
扬州市人大(含常委会),law_regulation_security,法规司法与监管安全,"Law, regulation and security",人大,1
扬州市发展和改革委员会,macro_finance,宏观规划与财政资源配置,Macro planning and finance,发展和改革,1
扬州市广陵区人民政府,sectoral_public_services,行业应用与公共服务,Sectoral public services,民政,1
无锡市发展和改革委员会,macro_finance,宏观规划与财政资源配置,Macro planning and finance,发展和改革,1
无锡市滨湖区科学技术局,science_technology,科技创新与科研管理,Science and technology,科学技术,1
江苏省信息产业厅,other_unclear,其他或无法判定,Other or unclear,,1
江苏省广播电视局,public_science_culture,宣传文化与公众科学,Public science and culture,广播电视,1
江苏省应急管理厅,law_regulation_security,法规司法与监管安全,"Law, regulation and security",应急,1
江苏省知识产权局,law_regulation_security,法规司法与监管安全,"Law, regulation and security",知识产权,1
共青团江苏省委员会,party_government_general,党政综合与战略协调,Party-government general,省委,1
江苏省体育局,sectoral_public_services,行业应用与公共服务,Sectoral public services,体育,1
江苏省农业委员会,sectoral_public_services,行业应用与公共服务,Sectoral public services,农业,1
江苏省新闻出版广电局,public_science_culture,宣传文化与公众科学,Public science and culture,新闻出版,1
江苏省数据局,digital_industry_data,工业信息化与数据治理,"Digital, industry and data",数据,1
江苏省生态环境厅,sectoral_public_services,行业应用与公共服务,Sectoral public services,生态环境,1
江苏省粮食和物资储备局,sectoral_public_services,行业应用与公共服务,Sectoral public services,粮食,1
江苏省自然资源厅,sectoral_public_services,行业应用与公共服务,Sectoral public services,自然资源,1
泰兴市教育局,education_talent,教育与人才培养,Education and talent,教育,1
泰州市工商行政管理局,law_regulation_security,法规司法与监管安全,"Law, regulation and security",工商行政,1
泰州市教育局,education_talent,教育与人才培养,Education and talent,教育,1
泰州市经济和信息化委员会,digital_industry_data,工业信息化与数据治理,"Digital, industry and data",经济和信息化,1
泰州市质量强市工作领导小组,other_unclear,其他或无法判定,Other or unclear,,1
淮安市财政局,macro_finance,宏观规划与财政资源配置,Macro planning and finance,财政,1
盐城市亭湖区人民政府,sectoral_public_services,行业应用与公共服务,Sectoral public services,民政,1
苏州市卫生和计划生育委员会,sectoral_public_services,行业应用与公共服务,Sectoral public services,卫生,1
苏州市市场监督管理局,law_regulation_security,法规司法与监管安全,"Law, regulation and security",市场监督,1
国家税务总局连云港市税务局,macro_finance,宏观规划与财政资源配置,Macro planning and finance,税务,1
连云港市农业农村局,sectoral_public_services,行业应用与公共服务,Sectoral public services,农业,1
连云港市科学技术局,science_technology,科技创新与科研管理,Science and technology,科学技术,1
连云港市自然资源和规划局,sectoral_public_services,行业应用与公共服务,Sectoral public services,自然资源,1
吉林省国防科技工业办公室,science_technology,科技创新与科研管理,Science and technology,科技,1
吉林市发展和改革委员会,macro_finance,宏观规划与财政资源配置,Macro planning and finance,发展和改革,1
吉林省中医药管理局,sectoral_public_services,行业应用与公共服务,Sectoral public services,中医药,1
吉林省司法厅,law_regulation_security,法规司法与监管安全,"Law, regulation and security",司法,1
吉林省工商行政管理局,law_regulation_security,法规司法与监管安全,"Law, regulation and security",工商行政,1
吉林省文化厅,public_science_culture,宣传文化与公众科学,Public science and culture,文化,1
中共吉林省委金融委员会办公室,macro_finance,宏观规划与财政资源配置,Macro planning and finance,金融,1
中国证券监督管理委员会吉林监管局,macro_finance,宏观规划与财政资源配置,Macro planning and finance,证券监督,1
国家税务总局吉林省税务局,macro_finance,宏观规划与财政资源配置,Macro planning and finance,税务,1
长春市工业和信息化局,digital_industry_data,工业信息化与数据治理,"Digital, industry and data",工业和信息化,1
中共邵阳市委,party_government_general,党政综合与战略协调,Party-government general,中共,1
岳阳市人民政府,sectoral_public_services,行业应用与公共服务,Sectoral public services,民政,1
永州市人民政府,sectoral_public_services,行业应用与公共服务,Sectoral public services,民政,1
湖南省农业农村厅,sectoral_public_services,行业应用与公共服务,Sectoral public services,农业,1
中共湖南省委宣传部,public_science_culture,宣传文化与公众科学,Public science and culture,宣传,1
湖南省质量协会,other_unclear,其他或无法判定,Other or unclear,,1
湘西土家族苗族自治州人民政府,sectoral_public_services,行业应用与公共服务,Sectoral public services,民政,1
长沙市人大(含常委会),law_regulation_security,法规司法与监管安全,"Law, regulation and security",人大,1
中共襄阳市委,party_government_general,党政综合与战略协调,Party-government general,中共,1
武汉市卫生健康委员会,sectoral_public_services,行业应用与公共服务,Sectoral public services,卫生健康,1
共青团武汉市委,party_government_general,党政综合与战略协调,Party-government general,市委,1
武汉市体育局,sectoral_public_services,行业应用与公共服务,Sectoral public services,体育,1
武汉市科学技术协会,public_science_culture,宣传文化与公众科学,Public science and culture,科学技术协会,1
武汉市财政局,macro_finance,宏观规划与财政资源配置,Macro planning and finance,财政,1
武汉市人大(含常委会),law_regulation_security,法规司法与监管安全,"Law, regulation and security",人大,1
武汉市科技创新局,science_technology,科技创新与科研管理,Science and technology,科技,1
武汉市自然资源和规划局,sectoral_public_services,行业应用与公共服务,Sectoral public services,自然资源,1
湖北省人民政府国有资产监督管理委员会,macro_finance,宏观规划与财政资源配置,Macro planning and finance,国有资产,1
湖北省科学技术协会,public_science_culture,宣传文化与公众科学,Public science and culture,科学技术协会,1
湖北省卫生健康委员会,sectoral_public_services,行业应用与公共服务,Sectoral public services,卫生健康,1
湖北省广播电视工程高级职务任职资格评审委员会,public_science_culture,宣传文化与公众科学,Public science and culture,广播电视,1
湖北省播音主持专业高级职务任职资格评审委员会,other_unclear,其他或无法判定,Other or unclear,,1
湖北省民族宗教事务委员会,other_unclear,其他或无法判定,Other or unclear,,1
湖北省环境保护厅,sectoral_public_services,行业应用与公共服务,Sectoral public services,环境保护,1
湖北省药品监督管理局,sectoral_public_services,行业应用与公共服务,Sectoral public services,药品,1
湖北省食品药品监督管理局,sectoral_public_services,行业应用与公共服务,Sectoral public services,药品,1
襄阳市科技局,science_technology,科技创新与科研管理,Science and technology,科技,1
佳木斯市人民政府,sectoral_public_services,行业应用与公共服务,Sectoral public services,民政,1
大兴安岭林业集团公司,sectoral_public_services,行业应用与公共服务,Sectoral public services,林业,1
黑河市教育局,education_talent,教育与人才培养,Education and talent,教育,1
黑龙江省人民政府安全生产委员会,sectoral_public_services,行业应用与公共服务,Sectoral public services,民政,1
黑龙江省减灾委员会,other_unclear,其他或无法判定,Other or unclear,,1
黑龙江省市场监督管理局,law_regulation_security,法规司法与监管安全,"Law, regulation and security",市场监督,1
黑龙江省生态环境厅,sectoral_public_services,行业应用与公共服务,Sectoral public services,生态环境,1
黑龙江省科学技术委员会,science_technology,科技创新与科研管理,Science and technology,科学技术,1
中共黑龙江省委宣传部,public_science_culture,宣传文化与公众科学,Public science and culture,宣传,1
黑龙江省卫生健康委员会,sectoral_public_services,行业应用与公共服务,Sectoral public services,卫生健康,1
黑龙江省工业和信息化委员会,digital_industry_data,工业信息化与数据治理,"Digital, industry and data",工业和信息化,1
中共河南省委军民融合发展委员会,party_government_general,党政综合与战略协调,Party-government general,中共,1
中共河南省委组织部,party_government_general,党政综合与战略协调,Party-government general,中共,1
河南省广播电视局,public_science_culture,宣传文化与公众科学,Public science and culture,广播电视,1
平顶山市科学技术局,science_technology,科技创新与科研管理,Science and technology,科学技术,1
开封市教育局,education_talent,教育与人才培养,Education and talent,教育,1
河南省工商业联合会,other_unclear,其他或无法判定,Other or unclear,,1
中共洛阳市委宣传部,public_science_culture,宣传文化与公众科学,Public science and culture,宣传,1
洛阳市教育局,education_talent,教育与人才培养,Education and talent,教育,1
洛阳市科学技术协会,public_science_culture,宣传文化与公众科学,Public science and culture,科学技术协会,1
洛阳市科学技术局,science_technology,科技创新与科研管理,Science and technology,科学技术,1
许昌市人大(含常委会),law_regulation_security,法规司法与监管安全,"Law, regulation and security",人大,1
郑州市城乡建设委员会,sectoral_public_services,行业应用与公共服务,Sectoral public services,城乡建设,1
中共郑州市委宣传部,public_science_culture,宣传文化与公众科学,Public science and culture,宣传,1
共青团郑州市委,party_government_general,党政综合与战略协调,Party-government general,市委,1
郑州市科学技术协会,public_science_culture,宣传文化与公众科学,Public science and culture,科学技术协会,1
郑州航空港经济综合实验区管理委员会,other_unclear,其他或无法判定,Other or unclear,,1
郑州高新区创新发展局,other_unclear,其他或无法判定,Other or unclear,,1
中共保定市纪委,party_government_general,党政综合与战略协调,Party-government general,中共,1
河北省国防科技工业办公室,science_technology,科技创新与科研管理,Science and technology,科技,1
中共邯郸市委,party_government_general,党政综合与战略协调,Party-government general,中共,1
唐山市工业和信息化局,digital_industry_data,工业信息化与数据治理,"Digital, industry and data",工业和信息化,1
张家口市人民政府,sectoral_public_services,行业应用与公共服务,Sectoral public services,民政,1
河北省人民政府纠正行业不正之风办公室,sectoral_public_services,行业应用与公共服务,Sectoral public services,民政,1
河北省农业厅,sectoral_public_services,行业应用与公共服务,Sectoral public services,农业,1
河北省审计厅,macro_finance,宏观规划与财政资源配置,Macro planning and finance,审计,1
河北省新闻出版局,public_science_culture,宣传文化与公众科学,Public science and culture,新闻出版,1
河北省物价局,other_unclear,其他或无法判定,Other or unclear,,1
河北省监察厅,other_unclear,其他或无法判定,Other or unclear,,1
河北省农业农村厅,sectoral_public_services,行业应用与公共服务,Sectoral public services,农业,1
河北省林业局,sectoral_public_services,行业应用与公共服务,Sectoral public services,林业,1
河北省民营经济领导小组,other_unclear,其他或无法判定,Other or unclear,,1
河北省环境保护厅,sectoral_public_services,行业应用与公共服务,Sectoral public services,环境保护,1
石家庄市人大(含常委会),law_regulation_security,法规司法与监管安全,"Law, regulation and security",人大,1
石家庄市科学技术和知识产权局,science_technology,科技创新与科研管理,Science and technology,科学技术,1
青龙满族自治县人民政府,sectoral_public_services,行业应用与公共服务,Sectoral public services,民政,1
三亚市人民政府,sectoral_public_services,行业应用与公共服务,Sectoral public services,民政,1
中共海南省委宣传部,public_science_culture,宣传文化与公众科学,Public science and culture,宣传,1
海南省科学技术协会,public_science_culture,宣传文化与公众科学,Public science and culture,科学技术协会,1
乐东黎族自治县人民政府,sectoral_public_services,行业应用与公共服务,Sectoral public services,民政,1
海口市人民政府,sectoral_public_services,行业应用与公共服务,Sectoral public services,民政,1
海口市教育局,education_talent,教育与人才培养,Education and talent,教育,1
海口市自然资源和规划局,sectoral_public_services,行业应用与公共服务,Sectoral public services,自然资源,1
陵水黎族自治县人民政府,sectoral_public_services,行业应用与公共服务,Sectoral public services,民政,1
国家统计局贵阳调查队,macro_finance,宏观规划与财政资源配置,Macro planning and finance,统计,1
贵阳市统计局,macro_finance,宏观规划与财政资源配置,Macro planning and finance,统计,1
威宁彝族回族苗族自治县人民政府,sectoral_public_services,行业应用与公共服务,Sectoral public services,民政,1
毕节地区行政公署,other_unclear,其他或无法判定,Other or unclear,,1
贵州省卫生厅,sectoral_public_services,行业应用与公共服务,Sectoral public services,卫生,1
国家税务总局贵州省税务局,macro_finance,宏观规划与财政资源配置,Macro planning and finance,税务,1
贵州省住房和城乡建设厅,sectoral_public_services,行业应用与公共服务,Sectoral public services,住房,1
贵州省公安厅,law_regulation_security,法规司法与监管安全,"Law, regulation and security",公安,1
贵州省自然资源厅,sectoral_public_services,行业应用与公共服务,Sectoral public services,自然资源,1
贵州省生态环境厅,sectoral_public_services,行业应用与公共服务,Sectoral public services,生态环境,1
贵州省知识产权局,law_regulation_security,法规司法与监管安全,"Law, regulation and security",知识产权,1
贵州省药品监督管理局,sectoral_public_services,行业应用与公共服务,Sectoral public services,药品,1
贵阳市住房和城乡建设局,sectoral_public_services,行业应用与公共服务,Sectoral public services,住房,1
贵阳市卫生健康局,sectoral_public_services,行业应用与公共服务,Sectoral public services,卫生健康,1
贵阳市残疾人联合会,other_unclear,其他或无法判定,Other or unclear,,1
贵阳市民政局,sectoral_public_services,行业应用与公共服务,Sectoral public services,民政,1
东兰县人民政府,sectoral_public_services,行业应用与公共服务,Sectoral public services,民政,1
东兴市人民政府,sectoral_public_services,行业应用与公共服务,Sectoral public services,民政,1
中共南宁市委,party_government_general,党政综合与战略协调,Party-government general,中共,1
中国银行保险监督管理委员会广西监管局,macro_finance,宏观规划与财政资源配置,Macro planning and finance,银行保险监督,1
乐业县人民政府,sectoral_public_services,行业应用与公共服务,Sectoral public services,民政,1
凭祥市人民政府,sectoral_public_services,行业应用与公共服务,Sectoral public services,民政,1
南宁市体育局,sectoral_public_services,行业应用与公共服务,Sectoral public services,体育,1
南宁市农业农村局,sectoral_public_services,行业应用与公共服务,Sectoral public services,农业,1
南宁市发展和改革委员会,macro_finance,宏观规划与财政资源配置,Macro planning and finance,发展和改革,1
南宁市城乡数字化办公室,digital_industry_data,工业信息化与数据治理,"Digital, industry and data",数字,1
南宁市财政局,macro_finance,宏观规划与财政资源配置,Macro planning and finance,财政,1
宾阳县人民政府,sectoral_public_services,行业应用与公共服务,Sectoral public services,民政,1
崇左市江州区人民政府,sectoral_public_services,行业应用与公共服务,Sectoral public services,民政,1
广西壮族自治区促进中小企业发展工作领导小组办公室,other_unclear,其他或无法判定,Other or unclear,,1
中共广西壮族自治区委员会宣传部,public_science_culture,宣传文化与公众科学,Public science and culture,宣传,1
广西壮族自治区农业科学院,science_technology,科技创新与科研管理,Science and technology,科学院,1
广西科学院,science_technology,科技创新与科研管理,Science and technology,科学院,1
广西壮族自治区应急管理厅,law_regulation_security,法规司法与监管安全,"Law, regulation and security",应急,1
广西壮族自治区林业局,sectoral_public_services,行业应用与公共服务,Sectoral public services,林业,1
广西壮族自治区药品监督管理局,sectoral_public_services,行业应用与公共服务,Sectoral public services,药品,1
柳州市人力资源和社会保障局,education_talent,教育与人才培养,Education and talent,人力资源,1
柳州市柳南区人民政府,sectoral_public_services,行业应用与公共服务,Sectoral public services,民政,1
桂林市叠彩区人民政府,sectoral_public_services,行业应用与公共服务,Sectoral public services,民政,1
桂林市科学技术局,science_technology,科技创新与科研管理,Science and technology,科学技术,1
武宣县人民政府,sectoral_public_services,行业应用与公共服务,Sectoral public services,民政,1
南宁市江南区人民政府,sectoral_public_services,行业应用与公共服务,Sectoral public services,民政,1
河池市金城江区人民政府,sectoral_public_services,行业应用与公共服务,Sectoral public services,民政,1
灌阳县人民政府,sectoral_public_services,行业应用与公共服务,Sectoral public services,民政,1
田东县人民政府,sectoral_public_services,行业应用与公共服务,Sectoral public services,民政,1
罗城仫佬族自治县人民政府,sectoral_public_services,行业应用与公共服务,Sectoral public services,民政,1
蒙山县人民政府,sectoral_public_services,行业应用与公共服务,Sectoral public services,民政,1
西林县人民政府,sectoral_public_services,行业应用与公共服务,Sectoral public services,民政,1
防城港市防城区人民政府,sectoral_public_services,行业应用与公共服务,Sectoral public services,民政,1
隆安县人民政府,sectoral_public_services,行业应用与公共服务,Sectoral public services,民政,1
深圳市中级人民法院,law_regulation_security,法规司法与监管安全,"Law, regulation and security",法院,1
东莞市人大(含常委会),law_regulation_security,法规司法与监管安全,"Law, regulation and security",人大,1
汕头市工业和信息化局,digital_industry_data,工业信息化与数据治理,"Digital, industry and data",工业和信息化,1
中共珠海市委,party_government_general,党政综合与战略协调,Party-government general,中共,1
中山市人力资源和社会保障局,education_talent,教育与人才培养,Education and talent,人力资源,1
中山市发展和改革局,macro_finance,宏观规划与财政资源配置,Macro planning and finance,发展和改革,1
信宜市人民政府,sectoral_public_services,行业应用与公共服务,Sectoral public services,民政,1
化州市人民政府,sectoral_public_services,行业应用与公共服务,Sectoral public services,民政,1
增城市人民政府,sectoral_public_services,行业应用与公共服务,Sectoral public services,民政,1
广东省林业厅,sectoral_public_services,行业应用与公共服务,Sectoral public services,林业,1
广东省林业局,sectoral_public_services,行业应用与公共服务,Sectoral public services,林业,1
中国科学院广州分院,science_technology,科技创新与科研管理,Science and technology,科学院,1
广东省国防科学技术工业办公室,science_technology,科技创新与科研管理,Science and technology,科学技术,1
广东省绿化委员会,other_unclear,其他或无法判定,Other or unclear,,1
广州市南沙区人民政府,sectoral_public_services,行业应用与公共服务,Sectoral public services,民政,1
广州市对外贸易经济合作局,other_unclear,其他或无法判定,Other or unclear,,1
广州市规划和自然资源局,sectoral_public_services,行业应用与公共服务,Sectoral public services,自然资源,1
广州市社会组织管理局,other_unclear,其他或无法判定,Other or unclear,,1
惠州市惠阳区人民政府,sectoral_public_services,行业应用与公共服务,Sectoral public services,民政,1
揭阳市科学技术局,science_technology,科技创新与科研管理,Science and technology,科学技术,1
梅州市科学技术局,science_technology,科技创新与科研管理,Science and technology,科学技术,1
深圳市住房和建设局,sectoral_public_services,行业应用与公共服务,Sectoral public services,住房,1
中国(广东)自由贸易试验区深圳前海蛇口片区管委会,other_unclear,其他或无法判定,Other or unclear,,1
深圳市前海深港现代服务业合作区管理局,other_unclear,其他或无法判定,Other or unclear,,1
深圳市坪山区科技创新局,science_technology,科技创新与科研管理,Science and technology,科技,1
深圳市市场监督管理局,law_regulation_security,法规司法与监管安全,"Law, regulation and security",市场监督,1
深圳市龙岗区科技创新局,science_technology,科技创新与科研管理,Science and technology,科技,1
珠海市人力资源和社会保障局,education_talent,教育与人才培养,Education and talent,人力资源,1
肇庆市科学技术协会,public_science_culture,宣传文化与公众科学,Public science and culture,科学技术协会,1
肇庆市科学技术局,science_technology,科技创新与科研管理,Science and technology,科学技术,1
肇庆市鼎湖区人民政府,sectoral_public_services,行业应用与公共服务,Sectoral public services,民政,1
茂名市茂南区人民政府,sectoral_public_services,行业应用与公共服务,Sectoral public services,民政,1
高州市教育局,education_talent,教育与人才培养,Education and talent,教育,1
庆阳市人民政府,sectoral_public_services,行业应用与公共服务,Sectoral public services,民政,1
甘肃省卫生和计划生育委员会(原甘肃省卫生厅),sectoral_public_services,行业应用与公共服务,Sectoral public services,卫生,1
国家税务总局甘肃省税务局,macro_finance,宏观规划与财政资源配置,Macro planning and finance,税务,1
甘肃省公安厅,law_regulation_security,法规司法与监管安全,"Law, regulation and security",公安,1
甘肃省医疗保障局,other_unclear,其他或无法判定,Other or unclear,,1
甘肃省新闻出版广电局,public_science_culture,宣传文化与公众科学,Public science and culture,新闻出版,1
金昌市科技局,science_technology,科技创新与科研管理,Science and technology,科技,1
中共福建省委教育工作委员会,education_talent,教育与人才培养,Education and talent,教育,1
福建省社会科学界联合会,other_unclear,其他或无法判定,Other or unclear,,1
南平市体育局,sectoral_public_services,行业应用与公共服务,Sectoral public services,体育,1
厦门市农业农村局,sectoral_public_services,行业应用与公共服务,Sectoral public services,农业,1
厦门市生态环境局,sectoral_public_services,行业应用与公共服务,Sectoral public services,生态环境,1
中共厦门市委宣传部,public_science_culture,宣传文化与公众科学,Public science and culture,宣传,1
厦门市科学技术协会,public_science_culture,宣传文化与公众科学,Public science and culture,科学技术协会,1
中共厦门市委组织部,party_government_general,党政综合与战略协调,Party-government general,中共,1
泉州市人力资源和社会保障局,education_talent,教育与人才培养,Education and talent,人力资源,1
泉州市科技局,science_technology,科技创新与科研管理,Science and technology,科技,1
福州市大数据发展管理委员会,digital_industry_data,工业信息化与数据治理,"Digital, industry and data",大数据,1
福建省交通运输厅,sectoral_public_services,行业应用与公共服务,Sectoral public services,交通,1
福建省乡村振兴局,sectoral_public_services,行业应用与公共服务,Sectoral public services,乡村振兴,1
中共福建省委机构编制委员会办公室,party_government_general,党政综合与战略协调,Party-government general,中共,1
福建省自然资源厅,sectoral_public_services,行业应用与公共服务,Sectoral public services,自然资源,1
福建省文化厅,public_science_culture,宣传文化与公众科学,Public science and culture,文化,1
福建省林业局,sectoral_public_services,行业应用与公共服务,Sectoral public services,林业,1
中共福建省委精神文明建设办公室,public_science_culture,宣传文化与公众科学,Public science and culture,文明建设,1
共青团福建省委员会,party_government_general,党政综合与战略协调,Party-government general,省委,1
福建省妇女联合会,public_science_culture,宣传文化与公众科学,Public science and culture,妇女联合会,1
福建省环境保护厅,sectoral_public_services,行业应用与公共服务,Sectoral public services,环境保护,1
福建省电化教育馆,education_talent,教育与人才培养,Education and talent,教育,1
福建省科技厅,science_technology,科技创新与科研管理,Science and technology,科技,1
莆田市教育局,education_talent,教育与人才培养,Education and talent,教育,1
泉州市鲤城区人民政府,sectoral_public_services,行业应用与公共服务,Sectoral public services,民政,1
中共北京市委机构编制委员会,party_government_general,党政综合与战略协调,Party-government general,中共,1
中共北京市委组织部,party_government_general,党政综合与战略协调,Party-government general,中共,1
北京市公安局,law_regulation_security,法规司法与监管安全,"Law, regulation and security",公安,1
中共北京市密云区委教育工作委员会,education_talent,教育与人才培养,Education and talent,教育,1
中国（北京）自由贸易试验区（国家服务业扩大开放综合示范区）工作领导小组,other_unclear,其他或无法判定,Other or unclear,,1
北京市丰台区教育委员会,education_talent,教育与人才培养,Education and talent,教育,1
北京市交通委员会,sectoral_public_services,行业应用与公共服务,Sectoral public services,交通,1
北京市密云区人力资源和社会保障局,education_talent,教育与人才培养,Education and talent,人力资源,1
北京市怀柔区人力资源和社会保障局,education_talent,教育与人才培养,Education and talent,人力资源,1
北京市昌平区人力资源和社会保障局,education_talent,教育与人才培养,Education and talent,人力资源,1
北京市昌平区教育委员会,education_talent,教育与人才培养,Education and talent,教育,1
北京市朝阳区发展和改革委员会,macro_finance,宏观规划与财政资源配置,Macro planning and finance,发展和改革,1
共青团北京市委员会,party_government_general,党政综合与战略协调,Party-government general,市委,1
北京市门头沟区人民政府,sectoral_public_services,行业应用与公共服务,Sectoral public services,民政,1
北京市门头沟区发展和改革委员会,macro_finance,宏观规划与财政资源配置,Macro planning and finance,发展和改革,1
北京市顺义区人力资源和社会保障局,education_talent,教育与人才培养,Education and talent,人力资源,1
北京市西城区人力资源和社会保障局,education_talent,教育与人才培养,Education and talent,人力资源,1
中国科学院合肥物质科学研究院,science_technology,科技创新与科研管理,Science and technology,科学院,1
安徽省国防科学技术工业办公室,science_technology,科技创新与科研管理,Science and technology,科学技术,1
中共安徽省委教育工委,education_talent,教育与人才培养,Education and talent,教育,1
中共淮南市委,party_government_general,党政综合与战略协调,Party-government general,中共,1
亳州市科学技术局,science_technology,科技创新与科研管理,Science and technology,科学技术,1
六安市其他机构,other_unclear,其他或无法判定,Other or unclear,,1
合肥市城乡建设委员会,sectoral_public_services,行业应用与公共服务,Sectoral public services,城乡建设,1
中共合肥市委宣传部,public_science_culture,宣传文化与公众科学,Public science and culture,宣传,1
合肥市科学技术协会,public_science_culture,宣传文化与公众科学,Public science and culture,科学技术协会,1
安徽省供销合作社联合社,other_unclear,其他或无法判定,Other or unclear,,1
安徽省农学会,other_unclear,其他或无法判定,Other or unclear,,1
安徽省农业委员会,sectoral_public_services,行业应用与公共服务,Sectoral public services,农业,1
安徽省制造强省建设领导小组办公室,other_unclear,其他或无法判定,Other or unclear,,1
安徽省系统推进全面创新改革试验建设创新型省份工作领导小组,other_unclear,其他或无法判定,Other or unclear,,1
国家税务总局宣城市税务局,macro_finance,宏观规划与财政资源配置,Macro planning and finance,税务,1
宣城市人力资源和社会保障局,education_talent,教育与人才培养,Education and talent,人力资源,1
宣城市住房和城乡建设局,sectoral_public_services,行业应用与公共服务,Sectoral public services,住房,1
宣城市公安局,law_regulation_security,法规司法与监管安全,"Law, regulation and security",公安,1
宣城市医疗保障局,other_unclear,其他或无法判定,Other or unclear,,1
宣城市发展和改革委员会,macro_finance,宏观规划与财政资源配置,Macro planning and finance,发展和改革,1
宣城市自然资源和规划局,sectoral_public_services,行业应用与公共服务,Sectoral public services,自然资源,1
宣城市财政局,macro_finance,宏观规划与财政资源配置,Macro planning and finance,财政,1
淮南市人民政府教育督导委员会,education_talent,教育与人才培养,Education and talent,教育,1
淮南市数据资源管理局,digital_industry_data,工业信息化与数据治理,"Digital, industry and data",数据,1
淮南市电化教育馆,education_talent,教育与人才培养,Education and talent,教育,1
淮南市财政局,macro_finance,宏观规划与财政资源配置,Macro planning and finance,财政,1
芜湖市人民政府信息化办公室,digital_industry_data,工业信息化与数据治理,"Digital, industry and data",信息化,1
芜湖市信息产业局,other_unclear,其他或无法判定,Other or unclear,,1
蚌埠市科学技术局,science_technology,科技创新与科研管理,Science and technology,科学技术,1
中国测绘学会,sectoral_public_services,行业应用与公共服务,Sectoral public services,测绘,1
国家外国专家局(留牌已撤销),other_unclear,其他或无法判定,Other or unclear,,1
中国证券业协会,other_unclear,其他或无法判定,Other or unclear,,1
中国银行业协会,other_unclear,其他或无法判定,Other or unclear,,1
中国社会科学院,science_technology,科技创新与科研管理,Science and technology,科学院,1
健康中国行动推进委员会,other_unclear,其他或无法判定,Other or unclear,,1
全国人大教育科学文化卫生委员会,public_science_culture,宣传文化与公众科学,Public science and culture,文化,1
全国博士后管理委员会,other_unclear,其他或无法判定,Other or unclear,,1
全国科技助力精准扶贫工程领导小组办公室,science_technology,科技创新与科研管理,Science and technology,科技,1
全国老龄工作委员会,other_unclear,其他或无法判定,Other or unclear,,1
化学工业部(已变更),other_unclear,其他或无法判定,Other or unclear,,1
国务院产品质量和食品安全领导小组,law_regulation_security,法规司法与监管安全,"Law, regulation and security",安全,1
国家食品药品监督管理局(原国家药品监督管理局)（已撤销）,sectoral_public_services,行业应用与公共服务,Sectoral public services,药品,1
国家乡村振兴局(留牌已撤销),sectoral_public_services,行业应用与公共服务,Sectoral public services,乡村振兴,1
国家煤炭工业局,other_unclear,其他或无法判定,Other or unclear,,1
国家电力监管委员会(已撤销),other_unclear,其他或无法判定,Other or unclear,,1
中国关心下一代工作委员会,other_unclear,其他或无法判定,Other or unclear,,1
中国残疾人联合会,other_unclear,其他或无法判定,Other or unclear,,1
国务院妇女儿童工作委员会,party_government_general,党政综合与战略协调,Party-government general,国务院,1
国家矿山安全监察局,law_regulation_security,法规司法与监管安全,"Law, regulation and security",安全,1
国家科学技术奖励工作办公室,science_technology,科技创新与科研管理,Science and technology,科学技术,1
国家认证认可监督管理委员会,other_unclear,其他或无法判定,Other or unclear,,1
